1674  execve("./encdrv", ["./encdrv", "testcases/testcase.2", "output/output.2"], 0x7fff03690498 /* 18 vars */) = 0
1674  brk(NULL)                         = 0x622689e64000
1674  arch_prctl(0x3001 /* ARCH_??? */, 0x7ffd86273240) = -1 EINVAL (Invalid argument)
1674  mmap(NULL, 8192, PROT_READ|PROT_WRITE, MAP_PRIVATE|MAP_ANONYMOUS, -1, 0) = 0x76c922280000
1674  access("/etc/ld.so.preload", R_OK) = -1 ENOENT (No such file or directory)
1674  openat(AT_FDCWD, "/etc/ld.so.cache", O_RDONLY|O_CLOEXEC) = 3
1674  newfstatat(3, "", {st_mode=S_IFREG|0644, st_size=29392, ...}, AT_EMPTY_PATH) = 0
1674  mmap(NULL, 29392, PROT_READ, MAP_PRIVATE, 3, 0) = 0x76c922278000
1674  close(3)                          = 0
1674  openat(AT_FDCWD, "/lib/x86_64-linux-gnu/libc.so.6", O_RDONLY|O_CLOEXEC) = 3
1674  read(3, "\177ELF\2\1\1\3\0\0\0\0\0\0\0\0\3\0>\0\1\0\0\0P\237\2\0\0\0\0\0"..., 832) = 832
1674  pread64(3, "\6\0\0\0\4\0\0\0@\0\0\0\0\0\0\0@\0\0\0\0\0\0\0@\0\0\0\0\0\0\0"..., 784, 64) = 784
1674  pread64(3, "\4\0\0\0 \0\0\0\5\0\0\0GNU\0\2\0\0\300\4\0\0\0\3\0\0\0\0\0\0\0"..., 48, 848) = 48
1674  pread64(3, "\4\0\0\0\24\0\0\0\3\0\0\0GNU\0\325\31p\226\367\t\200\30)\261\30\257\33|\366c"..., 68, 896) = 68
1674  newfstatat(3, "", {st_mode=S_IFREG|0755, st_size=2220400, ...}, AT_EMPTY_PATH) = 0
1674  pread64(3, "\6\0\0\0\4\0\0\0@\0\0\0\0\0\0\0@\0\0\0\0\0\0\0@\0\0\0\0\0\0\0"..., 784, 64) = 784
1674  mmap(NULL, 2264656, PROT_READ, MAP_PRIVATE|MAP_DENYWRITE, 3, 0) = 0x76c92204f000
1674  mprotect(0x76c922077000, 2023424, PROT_NONE) = 0
1674  mmap(0x76c922077000, 1658880, PROT_READ|PROT_EXEC, MAP_PRIVATE|MAP_FIXED|MAP_DENYWRITE, 3, 0x28000) = 0x76c922077000
1674  mmap(0x76c92220c000, 360448, PROT_READ, MAP_PRIVATE|MAP_FIXED|MAP_DENYWRITE, 3, 0x1bd000) = 0x76c92220c000
1674  mmap(0x76c922265000, 24576, PROT_READ|PROT_WRITE, MAP_PRIVATE|MAP_FIXED|MAP_DENYWRITE, 3, 0x215000) = 0x76c922265000
1674  mmap(0x76c92226b000, 52816, PROT_READ|PROT_WRITE, MAP_PRIVATE|MAP_FIXED|MAP_ANONYMOUS, -1, 0) = 0x76c92226b000
1674  close(3)                          = 0
1674  mmap(NULL, 12288, PROT_READ|PROT_WRITE, MAP_PRIVATE|MAP_ANONYMOUS, -1, 0) = 0x76c92204c000
1674  arch_prctl(ARCH_SET_FS, 0x76c92204c740) = 0
1674  set_tid_address(0x76c92204ca10)   = 1674
1674  set_robust_list(0x76c92204ca20, 24) = 0
1674  rseq(0x76c92204d0e0, 0x20, 0, 0x53053053) = 0
1674  mprotect(0x76c922265000, 16384, PROT_READ) = 0
1674  mprotect(0x622655835000, 4096, PROT_READ) = 0
1674  mprotect(0x76c9222ba000, 8192, PROT_READ) = 0
1674  prlimit64(0, RLIMIT_STACK, NULL, {rlim_cur=8192*1024, rlim_max=RLIM64_INFINITY}) = 0
1674  munmap(0x76c922278000, 29392)     = 0
1674  openat(AT_FDCWD, "testcases/testcase.2", O_RDONLY) = 3
1674  openat(AT_FDCWD, "output/output.2", O_WRONLY|O_CREAT|O_TRUNC, 0666) = 4
1674  pipe2([5, 6], 0)                  = 0
1674  pipe2([7, 8], 0)                  = 0
1674  clone(child_stack=NULL, flags=CLONE_CHILD_CLEARTID|CLONE_CHILD_SETTID|SIGCHLD, child_tidptr=0x76c92204ca10) = 1675
1674  close(5)                          = 0
1675  set_robust_list(0x76c92204ca20, 24 <unfinished ...>
1674  close(8)                          = 0
1674  getrandom( <unfinished ...>
1675  <... set_robust_list resumed>)    = 0
1674  <... getrandom resumed>"\x7a\x31\xbf\x8a\x79\x5c\x18\x7e", 8, GRND_NONBLOCK) = 8
1674  brk(NULL)                         = 0x622689e64000
1674  brk(0x622689e85000 <unfinished ...>
1675  dup2(5, 0 <unfinished ...>
1674  <... brk resumed>)                = 0x622689e85000
1674  read(3,  <unfinished ...>
1675  <... dup2 resumed>)               = 0
1674  <... read resumed>"372474 execve(\"./encdrv\", [\"./en"..., 1000) = 1000
1675  dup2(8, 1 <unfinished ...>
1674  write(6, "101\n", 4 <unfinished ...>
1675  <... dup2 resumed>)               = 1
1674  <... write resumed>)              = 4
1675  close(5 <unfinished ...>
1674  write(6, "372474 execve(\"./encdrv\", [\"./en"..., 101 <unfinished ...>
1675  <... close resumed>)              = 0
1674  <... write resumed>)              = 101
1675  close(6 <unfinished ...>
1674  write(6, "57\n", 3 <unfinished ...>
1675  <... close resumed>)              = 0
1674  <... write resumed>)              = 3
1675  close(7 <unfinished ...>
1674  write(6, "372474 brk(NULL)                "..., 57 <unfinished ...>
1675  <... close resumed>)              = 0
1674  <... write resumed>)              = 57
1675  close(8 <unfinished ...>
1674  write(6, "88\n", 3 <unfinished ...>
1675  <... close resumed>)              = 0
1674  <... write resumed>)              = 3
1675  execve("./encrypt", ["encrypt"], 0x7ffd86273428 /* 18 vars */ <unfinished ...>
1674  write(6, "372474 arch_prctl(0x3001 /* ARCH"..., 88) = 88
1674  write(6, "82\n", 3)               = 3
1674  write(6, "372474 access(\"/etc/ld.so.preloa"..., 82) = 82
1674  write(6, "68\n", 3)               = 3
1674  write(6, "372474 openat(AT_FDCWD, \"/etc/ld"..., 68) = 68
1674  write(6, "65\n", 3)               = 3
1675  <... execve resumed>)             = 0
1674  write(6, "372474 fstat(3, {st_mode=S_IFREG"..., 65) = 65
1674  write(6, "73\n", 3 <unfinished ...>
1675  brk(NULL <unfinished ...>
1674  <... write resumed>)              = 3
1675  <... brk resumed>)                = 0x5b1e49561000
1674  write(6, "372474 mmap(NULL, 129566, PROT_R"..., 73) = 73
1675  arch_prctl(0x3001 /* ARCH_??? */, 0x7ffc1665a720 <unfinished ...>
1674  write(6, "44\n", 3 <unfinished ...>
1675  <... arch_prctl resumed>)         = -1 EINVAL (Invalid argument)
1674  <... write resumed>)              = 3
1674  write(6, "372474 close(3)                 "..., 44 <unfinished ...>
1675  mmap(NULL, 8192, PROT_READ|PROT_WRITE, MAP_PRIVATE|MAP_ANONYMOUS, -1, 0 <unfinished ...>
1674  <... write resumed>)              = 44
1675  <... mmap resumed>)               = 0x7d966a564000
1674  write(6, "83\n", 3 <unfinished ...>
1675  access("/etc/ld.so.preload", R_OK <unfinished ...>
1674  <... write resumed>)              = 3
1675  <... access resumed>)             = -1 ENOENT (No such file or directory)
1674  write(6, "372474 openat(AT_FDCWD, \"/lib/x8"..., 83 <unfinished ...>
1675  openat(AT_FDCWD, "/etc/ld.so.cache", O_RDONLY|O_CLOEXEC <unfinished ...>
1674  <... write resumed>)              = 83
1674  write(6, "96\n", 3 <unfinished ...>
1675  <... openat resumed>)             = 5
1674  <... write resumed>)              = 3
1675  newfstatat(5, "",  <unfinished ...>
1674  write(6, "372474 read(3, \"\\177ELF\\2\\1\\1\\3\\"..., 96 <unfinished ...>
1675  <... newfstatat resumed>{st_mode=S_IFREG|0644, st_size=29392, ...}, AT_EMPTY_PATH) = 0
1674  <... write resumed>)              = 96
1675  mmap(NULL, 29392, PROT_READ, MAP_PRIVATE, 5, 0 <unfinished ...>
1674  write(6, "101\n", 4 <unfinished ...>
1675  <... mmap resumed>)               = 0x7d966a55c000
1674  <... write resumed>)              = 4
1675  close(5 <unfinished ...>
1674  write(6, "372474 pread64(3, \"\\6\\0\\0\\0\\4\\0\\"..., 101 <unfinished ...>
1675  <... close resumed>)              = 0
1674  <... write resumed>)              = 101
1674  write(6, "100\n", 4 <unfinished ...>
1675  openat(AT_FDCWD, "/lib/x86_64-linux-gnu/libc.so.6", O_RDONLY|O_CLOEXEC <unfinished ...>
1674  <... write resumed>)              = 4
1674  write(6, "372474 pread64(3, \"\\4\\0\\0\\0\\20\\0"..., 100 <unfinished ...>
1675  <... openat resumed>)             = 5
1674  <... write resumed>)              = 100
1675  read(5,  <unfinished ...>
1674  write(6, "42\n", 3 <unfinished ...>
1675  <... read resumed>"\177ELF\2\1\1\3\0\0\0\0\0\0\0\0\3\0>\0\1\0\0\0P\237\2\0\0\0\0\0"..., 832) = 832
1674  <... write resumed>)              = 3
1675  pread64(5,  <unfinished ...>
1674  write(6, "372474 pread64(3, \"\\4\\0\\0\\0\\24\\0"..., 42 <unfinished ...>
1675  <... pread64 resumed>"\6\0\0\0\4\0\0\0@\0\0\0\0\0\0\0@\0\0\0\0\0\0\0@\0\0\0\0\0\0\0"..., 784, 64) = 784
1674  <... write resumed>)              = 42
1675  pread64(5,  <unfinished ...>
1674  read(3,  <unfinished ...>
1675  <... pread64 resumed>"\4\0\0\0 \0\0\0\5\0\0\0GNU\0\2\0\0\300\4\0\0\0\3\0\0\0\0\0\0\0"..., 48, 848) = 48
1674  <... read resumed>"\\0GNU\\0\\30x\\346\\264ur\\f|Q\\226\\23"..., 1000) = 1000
1675  pread64(5,  <unfinished ...>
1674  write(6, "61\n", 3 <unfinished ...>
1675  <... pread64 resumed>"\4\0\0\0\24\0\0\0\3\0\0\0GNU\0\325\31p\226\367\t\200\30)\261\30\257\33|\366c"..., 68, 896) = 68
1674  <... write resumed>)              = 3
1675  newfstatat(5, "",  <unfinished ...>
1674  write(6, "\\0GNU\\0\\30x\\346\\264ur\\f|Q\\226\\23"..., 61 <unfinished ...>
1675  <... newfstatat resumed>{st_mode=S_IFREG|0755, st_size=2220400, ...}, AT_EMPTY_PATH) = 0
1674  <... write resumed>)              = 61
1675  pread64(5,  <unfinished ...>
1674  write(6, "66\n", 3 <unfinished ...>
1675  <... pread64 resumed>"\6\0\0\0\4\0\0\0@\0\0\0\0\0\0\0@\0\0\0\0\0\0\0@\0\0\0\0\0\0\0"..., 784, 64) = 784
1674  <... write resumed>)              = 3
1675  mmap(NULL, 2264656, PROT_READ, MAP_PRIVATE|MAP_DENYWRITE, 5, 0 <unfinished ...>
1674  write(6, "372474 fstat(3, {st_mode=S_IFREG"..., 66 <unfinished ...>
1675  <... mmap resumed>)               = 0x7d966a333000
1674  <... write resumed>)              = 66
1675  mprotect(0x7d966a35b000, 2023424, PROT_NONE <unfinished ...>
1674  write(6, "97\n", 3 <unfinished ...>
1675  <... mprotect resumed>)           = 0
1674  <... write resumed>)              = 3
1675  mmap(0x7d966a35b000, 1658880, PROT_READ|PROT_EXEC, MAP_PRIVATE|MAP_FIXED|MAP_DENYWRITE, 5, 0x28000 <unfinished ...>
1674  write(6, "372474 mmap(NULL, 8192, PROT_REA"..., 97) = 97
1675  <... mmap resumed>)               = 0x7d966a35b000
1674  write(6, "101\n", 4 <unfinished ...>
1675  mmap(0x7d966a4f0000, 360448, PROT_READ, MAP_PRIVATE|MAP_FIXED|MAP_DENYWRITE, 5, 0x1bd000 <unfinished ...>
1674  <... write resumed>)              = 4
1675  <... mmap resumed>)               = 0x7d966a4f0000
1674  write(6, "372474 pread64(3, \"\\6\\0\\0\\0\\4\\0\\"..., 101 <unfinished ...>
1675  mmap(0x7d966a549000, 24576, PROT_READ|PROT_WRITE, MAP_PRIVATE|MAP_FIXED|MAP_DENYWRITE, 5, 0x215000 <unfinished ...>
1674  <... write resumed>)              = 101
1674  write(6, "100\n", 4 <unfinished ...>
1675  <... mmap resumed>)               = 0x7d966a549000
1674  <... write resumed>)              = 4
1674  write(6, "372474 pread64(3, \"\\4\\0\\0\\0\\20\\0"..., 100 <unfinished ...>
1675  mmap(0x7d966a54f000, 52816, PROT_READ|PROT_WRITE, MAP_PRIVATE|MAP_FIXED|MAP_ANONYMOUS, -1, 0 <unfinished ...>
1674  <... write resumed>)              = 100
1675  <... mmap resumed>)               = 0x7d966a54f000
1674  write(6, "103\n", 4)              = 4
1675  close(5 <unfinished ...>
1674  write(6, "372474 pread64(3, \"\\4\\0\\0\\0\\24\\0"..., 103 <unfinished ...>
1675  <... close resumed>)              = 0
1674  <... write resumed>)              = 103
1674  write(6, "88\n", 3 <unfinished ...>
1675  mmap(NULL, 12288, PROT_READ|PROT_WRITE, MAP_PRIVATE|MAP_ANONYMOUS, -1, 0 <unfinished ...>
1674  <... write resumed>)              = 3
1675  <... mmap resumed>)               = 0x7d966a330000
1674  write(6, "372474 mmap(NULL, 2037344, PROT_"..., 88 <unfinished ...>
1675  arch_prctl(ARCH_SET_FS, 0x7d966a330740 <unfinished ...>
1674  <... write resumed>)              = 88
1675  <... arch_prctl resumed>)         = 0
1674  write(6, "124\n", 4 <unfinished ...>
1675  set_tid_address(0x7d966a330a10 <unfinished ...>
1674  <... write resumed>)              = 4
1675  <... set_tid_address resumed>)    = 1675
1674  write(6, "372474 mmap(0x7fe75d39a000, 1540"..., 124 <unfinished ...>
1675  set_robust_list(0x7d966a330a20, 24 <unfinished ...>
1674  <... write resumed>)              = 124
1675  <... set_robust_list resumed>)    = 0
1674  write(6, "114\n", 4 <unfinished ...>
1675  rseq(0x7d966a3310e0, 0x20, 0, 0x53053053 <unfinished ...>
1674  <... write resumed>)              = 4
1675  <... rseq resumed>)               = 0
1674  write(6, "372474 mmap(0x7fe75d512000, 3194"..., 114) = 114
1674  write(6, "124\n", 4)              = 4
1675  mprotect(0x7d966a549000, 16384, PROT_READ <unfinished ...>
1674  write(6, "372474 mmap(0x7fe75d560000, 2457"..., 124 <unfinished ...>
1675  <... mprotect resumed>)           = 0
1674  <... write resumed>)              = 124
1675  mprotect(0x5b1e12098000, 4096, PROT_READ <unfinished ...>
1674  write(6, "22\n", 3 <unfinished ...>
1675  <... mprotect resumed>)           = 0
1674  <... write resumed>)              = 3
1675  mprotect(0x7d966a59e000, 8192, PROT_READ <unfinished ...>
1674  write(6, "372474 mmap(0x7fe75d56", 22 <unfinished ...>
1675  <... mprotect resumed>)           = 0
1674  <... write resumed>)              = 22
1674  read(3,  <unfinished ...>
1675  prlimit64(0, RLIMIT_STACK, NULL,  <unfinished ...>
1674  <... read resumed>"6000, 13920, PROT_READ|PROT_WRIT"..., 1000) = 1000
1675  <... prlimit64 resumed>{rlim_cur=8192*1024, rlim_max=RLIM64_INFINITY}) = 0
1674  write(6, "96\n", 3)               = 3
1675  munmap(0x7d966a55c000, 29392 <unfinished ...>
1674  write(6, "6000, 13920, PROT_READ|PROT_WRIT"..., 96) = 96
1675  <... munmap resumed>)             = 0
1674  write(6, "44\n", 3)               = 3
1675  newfstatat(0, "",  <unfinished ...>
1674  write(6, "372474 close(3)                 "..., 44 <unfinished ...>
1675  <... newfstatat resumed>{st_mode=S_IFIFO|0600, st_size=0, ...}, AT_EMPTY_PATH) = 0
1674  <... write resumed>)              = 44
1675  getrandom( <unfinished ...>
1674  write(6, "51\n", 3 <unfinished ...>
1675  <... getrandom resumed>"\xa4\x0e\x63\x81\xc6\x92\x7b\x09", 8, GRND_NONBLOCK) = 8
1674  <... write resumed>)              = 3
1675  brk(NULL <unfinished ...>
1674  write(6, "372474 arch_prctl(ARCH_SET_FS, 0"..., 51 <unfinished ...>
1675  <... brk resumed>)                = 0x5b1e49561000
1674  <... write resumed>)              = 51
1675  brk(0x5b1e49582000 <unfinished ...>
1674  write(6, "54\n", 3 <unfinished ...>
1675  <... brk resumed>)                = 0x5b1e49582000
1674  <... write resumed>)              = 3
1674  write(6, "372474 mprotect(0x7fe75d560000, "..., 54 <unfinished ...>
1675  read(0,  <unfinished ...>
1674  <... write resumed>)              = 54
1675  <... read resumed>"101\n372474 execve(\"./encdrv\", [\""..., 4096) = 2338
1674  write(6, "53\n", 3)               = 3
1674  write(6, "372474 mprotect(0x55e97811c000, "..., 53 <unfinished ...>
1675  newfstatat(1, "",  <unfinished ...>
1674  <... write resumed>)              = 53
1675  <... newfstatat resumed>{st_mode=S_IFIFO|0600, st_size=0, ...}, AT_EMPTY_PATH) = 0
1674  write(6, "53\n", 3 <unfinished ...>
1675  write(1, "101\nVRWQRQE\0\35\0\6\23\0MGKJ\0\v\6\1\27\23GIE>G"..., 105 <unfinished ...>
1674  <... write resumed>)              = 3
1675  <... write resumed>)              = 105
1674  write(6, "372474 mprotect(0x7fe75d5b9000, "..., 53 <unfinished ...>
1675  write(1, "57\n\n\16\v\r\16\r\31[KR\21wluu\20\31\31\31\31\31\31\31\31\31\31\31\31\31"..., 60 <unfinished ...>
1674  <... write resumed>)              = 53
1675  <... write resumed>)              = 60
1674  write(6, "44\n", 3 <unfinished ...>
1675  write(1, "88\nkojlolx9*;0\7(*;,4ph khhixwrx\31"..., 91 <unfinished ...>
1674  <... write resumed>)              = 3
1675  <... write resumed>)              = 91
1674  write(6, "372474 munmap(0x7fe75d56c000, 12"..., 44 <unfinished ...>
1675  write(1, "82\nae`fefr3117!!zp}7&1}>6|!=|\" 7"..., 85 <unfinished ...>
1674  <... write resumed>)              = 44
1675  <... write resumed>)              = 85
1674  write(6, "50\n", 3 <unfinished ...>
1675  write(1, "68\nwsvpspd+4!*%0l\5\20\33\2\0\7\23\0hdfk!0'"..., 71 <unfinished ...>
1674  <... write resumed>)              = 3
1675  <... write resumed>)              = 71
1674  write(6, "372474 openat(AT_FDCWD, \"Makefil"..., 50 <unfinished ...>
1675  write(1, "65\nrvsuvua'25 5irma:25\36,.%$|\22\36\10\7"..., 68 <unfinished ...>
1674  <... write resumed>)              = 50
1675  <... write resumed>)              = 68
1674  write(6, "46\n", 3 <unfinished ...>
1675  write(1, "73\nz~{}~}i$$(9a\7\34\5\5eix{p|\177\177ei\31\33\6"..., 76 <unfinished ...>
1674  <... write resumed>)              = 3
1675  <... write resumed>)              = 76
1674  write(6, "372474 lseek(3, 0, SEEK_END)    "..., 46 <unfinished ...>
1675  write(1, "44\n\37\33\36\30\33\30\fO@C_I\4\37\5\f\f\f\f\f\f\f\f\f\f\f\f\f\f"..., 47 <unfinished ...>
1674  <... write resumed>)              = 46
1675  <... write resumed>)              = 47
1674  write(6, "44\n", 3 <unfinished ...>
1675  write(1, "83\n`dagdgs<#6=2'{\22\7\f\25\27\20\4\27\177sq|?:1"..., 86 <unfinished ...>
1674  <... write resumed>)              = 3
1675  <... write resumed>)              = 86
1674  write(6, "372474 lseek(3, 0, SEEK_SET)    "..., 44 <unfinished ...>
1675  write(1, "96\nSWRTWT@\22\5\1\4HSL@B<QWW%,&<R<Q<Q"..., 99 <unfinished ...>
1674  <... write resumed>)              = 44
1675  <... write resumed>)              = 99
1674  write(6, "72\n", 3 <unfinished ...>
1675  write(1, "101\nVRWQRQE\25\27\0\4\1SQMVIEG9S9U9U9U9"..., 105 <unfinished ...>
1674  <... write resumed>)              = 3
1675  <... write resumed>)              = 105
1674  write(6, "372474 openat(AT_FDCWD, \"sample1"..., 72 <unfinished ...>
1675  write(1, "100\nWSVPSPD\24\26\1\5\0RPLWHDF8P8T8T8T8"..., 104 <unfinished ...>
1674  <... write resumed>)              = 72
1675  <... write resumed>)              = 104
1674  write(6, "44\n", 3 <unfinished ...>
1675  write(1, "42\n\31\35\30\36\35\36\nZXOKN\34\36\2\31\6\n\10v\36v\32v\32v\32v\30"..., 45 <unfinished ...>
1674  <... write resumed>)              = 3
1675  <... write resumed>)              = 45
1674  write(6, "372474 pipe([5, 6])             "..., 44 <unfinished ...>
1675  write(1, "61\na\rzsha\ra\16\rEa\16\t\va\17\v\tHOa[Ala\17\17\v"..., 64 <unfinished ...>
1674  <... write resumed>)              = 44
1675  <... write resumed>)              = 64
1674  write(6, "44\n", 3 <unfinished ...>
1675  write(1, "66\nqupvuvb$16#6jqnb916\35/-&'\177\21\35\v\4"..., 69 <unfinished ...>
1674  <... write resumed>)              = 3
1675  <... write resumed>)              = 69
1674  write(6, "372474 pipe([7, 8])             "..., 44 <unfinished ...>
1675  write(1, "97\nRVSUVUA\f\f\0\21I/4--MAYPXSMA13.5>"..., 100 <unfinished ...>
1674  <... write resumed>)              = 44
1675  <... write resumed>)              = 100
1674  write(6, "124\n", 4 <unfinished ...>
1675  write(1, "101\nVRWQRQE\25\27\0\4\1SQMVIEG9S9U9U9U9"..., 105 <unfinished ...>
1674  <... write resumed>)              = 4
1675  <... write resumed>)              = 105
1674  write(6, "372474 clone(child_stack=NULL, f"..., 124 <unfinished ...>
1675  write(1, "100\nWSVPSPD\24\26\1\5\0RPLWHDF8P8T8T8T8"..., 104 <unfinished ...>
1674  <... write resumed>)              = 124
1675  <... write resumed>)              = 104
1674  write(6, "44\n", 3 <unfinished ...>
1675  write(1, "103\nTPUSPSG\27\25\2\6\3QSOTKGE;S;W;W;W;"..., 107 <unfinished ...>
1674  <... write resumed>)              = 3
1675  <... write resumed>)              = 107
1674  write(6, "372474 close(5)                 "..., 44 <unfinished ...>
1675  write(1, "88\nkojlolx559(p\26\r\24\24txjhkoklltx\10\n"..., 91 <unfinished ...>
1674  <... write resumed>)              = 44
1675  <... write resumed>)              = 91
1674  write(6, "44\n", 3 <unfinished ...>
1675  write(1, "124\nOKNHKH\\\21\21\35\fTL\4K\32\31KI\30OE\35LLLP\\"..., 128 <unfinished ...>
1674  <... write resumed>)              = 3
1675  <... write resumed>)              = 128
1674  write(6, "372474 close(8)                 "..., 44 <unfinished ...>
1675  write(1, "114\nAE@FEFR\37\37\23\2ZB\nE\24\27EG\26GC@BBB^R"..., 118 <unfinished ...>
1674  <... write resumed>)              = 44
1675  <... write resumed>)              = 118
1674  write(6, "33\n", 3 <unfinished ...>
1675  write(1, "124\nOKNHKH\\\21\21\35\fTL\4K\32\31KI\30IJLLLLP\\"..., 128 <unfinished ...>
1674  <... write resumed>)              = 3
1675  <... write resumed>)              = 128
1674  write(6, "372474 read(3,  <unfinished ...>"..., 33 <unfinished ...>
1675  write(1, "22\n%!$\"!\"6{{wf>&n!ps!#r# ", 25 <unfinished ...>
1674  <... write resumed>)              = 33
1675  <... write resumed>)              = 25
1674  write(6, "32\n", 3 <unfinished ...>
1675  write(1, "96\nVPPPL@QSYRPL@02/4?2%!$\03402/4?7"..., 99 <unfinished ...>
1674  <... write resumed>)              = 3
1675  <... write resumed>)              = 99
1674  write(6, "372475 close(6 <unfinished ...>\n", 32 <unfinished ...>
1675  write(1, "44\n\37\33\36\30\33\30\fO@C_I\4\37\5\f\f\f\f\f\f\f\f\f\f\f\f\f\f"..., 47 <unfinished ...>
1674  <... write resumed>)              = 32
1675  <... write resumed>)              = 47
1674  write(6, "28\n", 3 <unfinished ...>
1675  write(1, "51\n\0\4\1\7\4\7\23RAP[lCAPG_\33rap{l`vglu`"..., 54 <unfinished ...>
1674  <... write resumed>)              = 3
1675  <... write resumed>)              = 54
1674  write(6, "372474 <... read resumed>\"al", 28 <unfinished ...>
1675  write(1, "54\n\5\1\4\2\1\2\26[FDYBSUB\36\6N\1PS\1\3R\3\0\6\6\6"..., 57 <unfinished ...>
1674  <... write resumed>)              = 28
1675  <... write resumed>)              = 57
1674  read(3,  <unfinished ...>
1675  read(0,  <unfinished ...>
1674  <... read resumed>"l: encdrv encrypt decrypt\\n\\nenc"..., 1000) = 1000
1675  <... read resumed>"53\n372474 mprotect(0x55e97811c00"..., 4096) = 801
1674  write(6, "49\n", 3 <unfinished ...>
1675  write(1, "53\n\6\2\7\1\2\1\25XEGZAPVA\35\5M\0\0P\f\2\r\4\4V\5\5"..., 56 <unfinished ...>
1674  <... write resumed>)              = 3
1675  <... write resumed>)              = 56
1674  write(6, "l: encdrv encrypt decrypt\\n\\nenc"..., 49 <unfinished ...>
1675  write(1, "53\n\6\2\7\1\2\1\25XEGZAPVA\35\5M\2SP\2\0Q\0W\f\5\5"..., 56 <unfinished ...>
1674  <... write resumed>)              = 49
1675  <... write resumed>)              = 56
1674  write(6, "44\n", 3 <unfinished ...>
1675  write(1, "44\n\37\33\36\30\33\30\fAYBAM\\\4\34T\33JI\33\31H\31\32O\34\34\34\0"..., 47 <unfinished ...>
1674  <... write resumed>)              = 3
1675  <... write resumed>)              = 47
1674  write(6, "372475 <... close resumed>)     "..., 44 <unfinished ...>
1675  write(1, "50\n\1\5\0\6\5\6\22]BW\\SF\32sfmtvqev\36\22\20\177SYW"..., 53 <unfinished ...>
1674  <... write resumed>)              = 44
1675  <... write resumed>)              = 53
1674  write(6, "44\n", 3 <unfinished ...>
1675  write(1, "46\n\35\31\34\32\31\32\16B]KKE\6\35\2\16\36\2\16}kkeqk`j\7\16"..., 49 <unfinished ...>
1674  <... write resumed>)              = 3
1675  <... write resumed>)              = 49
1674  write(6, "372474 write(6, \"28\\n\", 3)      "..., 44 <unfinished ...>
1675  write(1, "44\n\37\33\36\30\33\30\f@_IIG\4\37\0\f\34\0\f\177iigs\177ix\5\f"..., 47 <unfinished ...>
1674  <... write resumed>)              = 44
1675  <... write resumed>)              = 47
1674  write(6, "69\n", 3 <unfinished ...>
1675  write(1, "72\n{\177z|\177|h'8-&)<`\t\34\27\16\f\v\37\fdhj;)%8"..., 75 <unfinished ...>
1674  <... write resumed>)              = 3
1675  <... write resumed>)              = 75
1674  write(6, "372474 write(6, \"all: encdrv enc"..., 69 <unfinished ...>
1675  write(1, "44\n\37\33\36\30\33\30\f\\E\\I\4w\31\0\f\32q\5\f\f\f\f\f\f\f\f\f\f"..., 47 <unfinished ...>
1674  <... write resumed>)              = 69
1675  <... write resumed>)              = 47
1674  write(6, "32\n", 3 <unfinished ...>
1675  write(1, "44\n\37\33\36\30\33\30\f\\E\\I\4w\33\0\f\24q\5\f\f\f\f\f\f\f\f\f\f"..., 47 <unfinished ...>
1674  <... write resumed>)              = 3
1675  <... write resumed>)              = 47
1674  write(6, "372475 close(7 <unfinished ...>\n", 32 <unfinished ...>
1675  write(1, "124\nOKNHKH\\\37\20\23\22\31T\37\24\25\20\30#\17\10\35\37\27A2)0"..., 128 <unfinished ...>
1674  <... write resumed>)              = 32
1675  <... write resumed>)              = 128
1674  write(6, "45\n", 3 <unfinished ...>
1675  write(1, "44\n\37\33\36\30\33\30\fO@C_I\4\31\5\f\f\f\f\f\f\f\f\f\f\f\f\f\f"..., 47 <unfinished ...>
1674  <... write resumed>)              = 3
1675  <... write resumed>)              = 47
1674  write(6, "372474 <... write resumed>)     "..., 45 <unfinished ...>
1675  write(1, "44\n\37\33\36\30\33\30\fO@C_I\4\24\5\f\f\f\f\f\f\f\f\f\f\f\f\f\f"..., 47 <unfinished ...>
1674  <... write resumed>)              = 45
1675  <... write resumed>)              = 47
1674  write(6, "44\n", 3 <unfinished ...>
1675  write(1, "33\n\22\26\23\25\26\25\1SD@E\t\22\r\1\1\35TOGHOHRIDE\1\17"..., 36 <unfinished ...>
1674  <... write resumed>)              = 3
1675  <... write resumed>)              = 36
1674  write(6, "372475 <... close resumed>)     "..., 44 <unfinished ...>
1675  write(1, "32\n\23\27\22\24\27\25\0CLOSE\10\26\0\34UNFINISHED\0\16\16"..., 35 <unfinished ...>
1674  <... write resumed>)              = 44
1675  <... write resumed>)              = 35
1674  write(6, "33\n", 3 <unfinished ...>
1675  write(1, "28\n/+.(+(< 222<ny}x<nyoiqyx\">}p", 31 <unfinished ...>
1674  <... write resumed>)              = 3
1675  <... write resumed>)              = 31
1674  write(6, "372474 read(7,  <unfinished ...>"..., 33 <unfinished ...>
1675  read(0,  <unfinished ...>
1674  <... write resumed>)              = 33
1675  <... read resumed>"49\nl: encdrv encrypt decrypt\\n\\n"..., 4096) = 384
1674  write(6, "44\n", 3 <unfinished ...>
1675  write(1, "49\n]\v\21T_RUCG\21T_RCHAE\21UTRCHAEm_m_"..., 52 <unfinished ...>
1674  <... write resumed>)              = 3
1675  <... write resumed>)              = 52
1674  write(6, "372475 close(0)                 "..., 44 <unfinished ...>
1675  write(1, "44\n\37\33\36\30\33\31\f\20\2\2\2\fO@C_I\f^I_YAIH\22\5\f\f"..., 47 <unfinished ...>
1674  <... write resumed>)              = 44
1675  <... write resumed>)              = 47
1674  write(6, "44\n", 3 <unfinished ...>
1675  write(1, "44\n\37\33\36\30\33\30\f[^EXI\4\32\0\f\16\36\24pB\16\0\f\37\5\f\f\f"..., 47 <unfinished ...>
1674  <... write resumed>)              = 3
1675  <... write resumed>)              = 47
1674  write(6, "372475 dup(5)                   "..., 44 <unfinished ...>
1675  write(1, "69\nvrwqrqe27,1 msieg$))\177e +&!73e"..., 72 <unfinished ...>
1674  <... write resumed>)              = 44
1675  <... write resumed>)              = 72
1674  write(6, "44\n", 3 <unfinished ...>
1675  write(1, "32\n\23\27\22\24\27\25\0CLOSE\10\27\0\34UNFINISHED\0\16\16"..., 35 <unfinished ...>
1674  <... write resumed>)              = 3
1675  <... write resumed>)              = 35
1674  write(6, "372475 close(1)                 "..., 44 <unfinished ...>
1675  write(1, "45\n\36\32\37\31\32\31\r\21\3\3\3\rZ_DYH\r_H^X@HI\23\4\r\r"..., 48 <unfinished ...>
1674  <... write resumed>)              = 44
1675  <... write resumed>)              = 48
1674  write(6, "44\n", 3 <unfinished ...>
1675  write(1, "44\n\37\33\36\30\33\31\f\20\2\2\2\fO@C_I\f^I_YAIH\22\5\f\f"..., 47 <unfinished ...>
1674  <... write resumed>)              = 3
1675  <... write resumed>)              = 47
1674  write(6, "372475 dup(8)                   "..., 44 <unfinished ...>
1675  write(1, "33\n\22\26\23\25\26\25\1SD@E\t\26\r\1\1\35TOGHOHRIDE\1\17"..., 36 <unfinished ...>
1674  <... write resumed>)              = 44
1675  <... write resumed>)              = 36
1674  write(6, "74\n", 3 <unfinished ...>
1675  read(0,  <unfinished ...>
1674  <... write resumed>)              = 3
1675  <... read resumed>"44\n372475 close(0)              "..., 4096) = 191
1674  write(6, "372475 execve(\"./encrypt\", [\"enc"..., 74 <unfinished ...>
1675  write(1, "44\n\37\33\36\30\33\31\fO@C_I\4\34\5\f\f\f\f\f\f\f\f\f\f\f\f\f\f"..., 47 <unfinished ...>
1674  <... write resumed>)              = 74
1675  <... write resumed>)              = 47
1674  write(6, "57\n", 3 <unfinished ...>
1675  write(1, "44\n\37\33\36\30\33\31\fHY\\\4\31\5\f\f\f\f\f\f\f\f\f\f\f\f\f\f\f\f"..., 47 <unfinished ...>
1674  <... write resumed>)              = 3
1675  <... write resumed>)              = 47
1674  write(6, "372475 brk(NULL)                "..., 57) = 57
1675  write(1, "44\n\37\33\36\30\33\31\fO@C_I\4\35\5\f\f\f\f\f\f\f\f\f\f\f\f\f\f"..., 47 <unfinished ...>
1674  write(6, "88\n", 3 <unfinished ...>
1675  <... write resumed>)              = 47
1674  <... write resumed>)              = 3
1675  write(1, "44\n\37\33\36\30\33\31\fHY\\\4\24\5\f\f\f\f\f\f\f\f\f\f\f\f\f\f\f\f"..., 47 <unfinished ...>
1674  write(6, "372475 arch_prctl(0x3001 /* ARCH"..., 88 <unfinished ...>
1675  <... write resumed>)              = 47
1674  <... write resumed>)              = 88
1675  read(0,  <unfinished ...>
1674  write(6, "82\n", 3 <unfinished ...>
1675  <... read resumed>"372475 execve(\"./encrypt\", [\"enc"..., 4096) = 225
1674  <... write resumed>)              = 3
1675  write(1, "74\ny}x~}\177j/2/)</bhde/$)83:>hfj\21h"..., 77 <unfinished ...>
1674  write(6, "372475 access(\"/etc/ld.so.preloa"..., 82 <unfinished ...>
1675  <... write resumed>)              = 77
1674  <... write resumed>)              = 82
1675  write(1, "57\n\n\16\v\r\16\f\31[KR\21wluu\20\31\31\31\31\31\31\31\31\31\31\31\31\31"..., 60 <unfinished ...>
1674  write(6, "68\n", 3 <unfinished ...>
1675  <... write resumed>)              = 60
1674  <... write resumed>)              = 3
1675  write(1, "88\nkojlomx9*;0\7(*;,4ph khhixwrx\31"..., 91 <unfinished ...>
1674  write(6, "372475 openat(AT_FDCWD, \"/etc/ld"..., 68 <unfinished ...>
1675  <... write resumed>)              = 91
1674  <... write resumed>)              = 68
1675  read(0,  <unfinished ...>
1674  write(6, "65\n", 3 <unfinished ...>
1675  <... read resumed>"82\n372475 access(\"/etc/ld.so.pre"..., 4096) = 156
1674  <... write resumed>)              = 3
1675  write(1, "82\nae`fegr3117!!zp}7&1}>6|!=|\" 7"..., 85 <unfinished ...>
1674  write(6, "372475 fstat(6, {st_mode=S_IFREG"..., 65 <unfinished ...>
1675  <... write resumed>)              = 85
1674  <... write resumed>)              = 65
1675  write(1, "68\nwsvpsqd+4!*%0l\5\20\33\2\0\7\23\0hdfk!0'"..., 71 <unfinished ...>
1674  write(6, "30\n", 3 <unfinished ...>
1675  <... write resumed>)              = 71
1674  <... write resumed>)              = 3
1675  read(0,  <unfinished ...>
1674  write(6, "372475 mmap(NULL, 129566, PROT", 30 <unfinished ...>
1675  <... read resumed>"65\n372475 fstat(6, {st_mode=S_IF"..., 4096) = 71
1674  <... write resumed>)              = 30
1675  write(1, "65\nrvsuvta'25 5iwma:25\36,.%$|\22\36\10\7"..., 68 <unfinished ...>
1674  read(3,  <unfinished ...>
1675  <... write resumed>)              = 68
1674  <... read resumed>"_READ, MAP_PRIVATE, 6, 0) = 0x7f"..., 1000) = 1000
1675  read(0,  <unfinished ...>
1674  write(6, "43\n", 3 <unfinished ...>
1675  <... read resumed>"372475 mmap(NULL, 129566, PROT", 4096) = 30
1674  <... write resumed>)              = 3
1675  write(1, "30\n-),*)+>ss\177n6PKRR2>/,'+((2>NLQ"..., 33 <unfinished ...>
1674  write(6, "_READ, MAP_PRIVATE, 6, 0) = 0x7f"..., 43 <unfinished ...>
1675  <... write resumed>)              = 33
1674  <... write resumed>)              = 43
1675  read(0,  <unfinished ...>
1674  write(6, "44\n", 3 <unfinished ...>
1675  <... read resumed>"43\n_READ, MAP_PRIVATE, 6, 0) = 0"..., 4096) = 46
1674  <... write resumed>)              = 3
1675  write(1, "43\ntynjo\7\vfj{t{yb}j\177n\7\v\35\7\v\33\2\v\26\v\33"..., 46 <unfinished ...>
1674  write(6, "372475 close(6)                 "..., 44 <unfinished ...>
1675  <... write resumed>)              = 46
1674  <... write resumed>)              = 44
1675  read(0,  <unfinished ...>
1674  write(6, "83\n", 3 <unfinished ...>
1675  <... read resumed>"44\n372475 close(6)              "..., 4096) = 47
1674  <... write resumed>)              = 3
1675  write(1, "44\n\37\33\36\30\33\31\fO@C_I\4\32\5\f\f\f\f\f\f\f\f\f\f\f\f\f\f"..., 47 <unfinished ...>
1674  write(6, "372475 openat(AT_FDCWD, \"/lib/x8"..., 83 <unfinished ...>
1675  <... write resumed>)              = 47
1674  <... write resumed>)              = 83
1675  read(0,  <unfinished ...>
1674  write(6, "96\n", 3 <unfinished ...>
1675  <... read resumed>"83\n372475 openat(AT_FDCWD, \"/lib"..., 4096) = 86
1674  <... write resumed>)              = 3
1675  write(1, "83\n`dagdfs<#6=2'{\22\7\f\25\27\20\4\27\177sq|?:1"..., 86 <unfinished ...>
1674  write(6, "372475 read(6, \"\\177ELF\\2\\1\\1\\3\\"..., 96 <unfinished ...>
1675  <... write resumed>)              = 86
1674  <... write resumed>)              = 96
1675  read(0,  <unfinished ...>
1674  write(6, "101\n", 4 <unfinished ...>
1675  <... read resumed>"96\n372475 read(6, \"\\177ELF\\2\\1\\1"..., 4096) = 99
1674  <... write resumed>)              = 4
1675  write(1, "96\nSWRTWU@\22\5\1\4HVL@B<QWW%,&<R<Q<Q"..., 99 <unfinished ...>
1674  write(6, "372475 pread64(6, \"\\6\\0\\0\\0\\4\\0\\"..., 101 <unfinished ...>
1675  <... write resumed>)              = 99
1674  <... write resumed>)              = 101
1675  read(0,  <unfinished ...>
1674  write(6, "100\n", 4 <unfinished ...>
1675  <... read resumed>"101\n372475 pread64(6, \"\\6\\0\\0\\0\\"..., 4096) = 105
1674  <... write resumed>)              = 4
1675  write(1, "101\nVRWQRPE\25\27\0\4\1SQMSIEG9S9U9U9U9"..., 105 <unfinished ...>
1674  write(6, "372475 pread64(6, \"\\4\\0\\0\\0\\20\\0"..., 100 <unfinished ...>
1675  <... write resumed>)              = 105
1674  <... write resumed>)              = 100
1675  read(0,  <unfinished ...>
1674  write(6, "103\n", 4 <unfinished ...>
1675  <... read resumed>"100\n372475 pread64(6, \"\\4\\0\\0\\0\\"..., 4096) = 104
1674  <... write resumed>)              = 4
1675  write(1, "100\nWSVPSQD\24\26\1\5\0RPLRHDF8P8T8T8T8"..., 104 <unfinished ...>
1674  write(6, "372475 pread64(6, \"\\4\\0\\0\\0\\24\\0"..., 103 <unfinished ...>
1675  <... write resumed>)              = 104
1674  <... write resumed>)              = 103
1675  read(0,  <unfinished ...>
1674  write(6, "66\n", 3 <unfinished ...>
1675  <... read resumed>"103\n372475 pread64(6, \"\\4\\0\\0\\0\\"..., 4096) = 107
1674  <... write resumed>)              = 3
1675  write(1, "103\nTPUSPRG\27\25\2\6\3QSOQKGE;S;W;W;W;"..., 107 <unfinished ...>
1674  write(6, "372475 fstat(6, {st_mode=S_IFREG"..., 66 <unfinished ...>
1675  <... write resumed>)              = 107
1674  <... write resumed>)              = 66
1675  read(0,  <unfinished ...>
1674  write(6, "97\n", 3 <unfinished ...>
1675  <... read resumed>"66\n372475 fstat(6, {st_mode=S_IF"..., 4096) = 69
1674  <... write resumed>)              = 3
1675  write(1, "66\nqupvuwb$16#6jtnb916\35/-&'\177\21\35\v\4"..., 69 <unfinished ...>
1674  write(6, "372475 mmap(NULL, 8192, PROT_REA"..., 97 <unfinished ...>
1675  <... write resumed>)              = 69
1674  <... write resumed>)              = 97
1675  read(0,  <unfinished ...>
1674  write(6, "101\n", 4 <unfinished ...>
1675  <... read resumed>"97\n372475 mmap(NULL, 8192, PROT_"..., 4096) = 100
1674  <... write resumed>)              = 4
1675  write(1, "97\nRVSUVTA\f\f\0\21I/4--MAYPXSMA13.5>"..., 100 <unfinished ...>
1674  write(6, "372475 pread64(6, \"\\6\\0\\0\\0\\4\\0\\"..., 101 <unfinished ...>
1675  <... write resumed>)              = 100
1674  <... write resumed>)              = 101
1675  read(0,  <unfinished ...>
1674  write(6, "100\n", 4 <unfinished ...>
1675  <... read resumed>"101\n372475 pread64(6, \"\\6\\0\\0\\0\\"..., 4096) = 105
1674  <... write resumed>)              = 4
1675  write(1, "101\nVRWQRPE\25\27\0\4\1SQMSIEG9S9U9U9U9"..., 105 <unfinished ...>
1674  write(6, "372475 pread64(6, \"\\4\\0\\0\\0\\20\\0"..., 100 <unfinished ...>
1675  <... write resumed>)              = 105
1674  <... write resumed>)              = 100
1675  read(0,  <unfinished ...>
1674  write(6, "66\n", 3 <unfinished ...>
1675  <... read resumed>"100\n372475 pread64(6, \"\\4\\0\\0\\0\\"..., 4096) = 104
1674  <... write resumed>)              = 3
1675  write(1, "100\nWSVPSQD\24\26\1\5\0RPLRHDF8P8T8T8T8"..., 104 <unfinished ...>
1674  write(6, "372475 pread64(6, \"\\4\\0\\0\\0\\24\\0"..., 66 <unfinished ...>
1675  <... write resumed>)              = 104
1674  <... write resumed>)              = 66
1675  read(0,  <unfinished ...>
1674  read(3,  <unfinished ...>
1675  <... read resumed>"66\n372475 pread64(6, \"\\4\\0\\0\\0\\2"..., 4096) = 69
1674  <... read resumed>"Q\\226\\236i\\253-'o\"..., 68, 880) "..., 1000) = 1000
1675  write(1, "66\nqupvuwb20'#&tvjtnb`\36v\36r\36r\36r\36p"..., 69 <unfinished ...>
1674  write(6, "37\n", 3 <unfinished ...>
1675  <... write resumed>)              = 69
1674  <... write resumed>)              = 3
1675  read(0,  <unfinished ...>
1674  write(6, "Q\\226\\236i\\253-'o\"..., 68, 880) "..., 37 <unfinished ...>
1675  <... read resumed>"37\n", 4096)   = 3
1674  <... write resumed>)              = 37
1675  read(0,  <unfinished ...>
1674  write(6, "88\n", 3 <unfinished ...>
1675  <... read resumed>"Q\\226\\236i\\253-'o\"..., 68, 880) "..., 4096) = 37
1674  <... write resumed>)              = 3
1675  write(1, "37\nty\27\27\23y\27\26\23Ly\27\20\26\10\2J\7\v\v\v\t\5\23\35\t\5\35\35"..., 40 <unfinished ...>
1674  write(6, "372475 mmap(NULL, 2037344, PROT_"..., 88 <unfinished ...>
1675  <... write resumed>)              = 40
1674  <... write resumed>)              = 88
1675  read(0,  <unfinished ...>
1674  write(6, "124\n", 4 <unfinished ...>
1675  <... read resumed>"88\n372475 mmap(NULL, 2037344, PR"..., 4096) = 91
1674  <... write resumed>)              = 4
1675  write(1, "88\nkojlomx559(p\26\r\24\24txjhkoklltx\10\n"..., 91 <unfinished ...>
1674  write(6, "372475 mmap(0x7fa66f573000, 1540"..., 124 <unfinished ...>
1675  <... write resumed>)              = 91
1674  <... write resumed>)              = 124
1675  read(0,  <unfinished ...>
1674  write(6, "114\n", 4 <unfinished ...>
1675  <... read resumed>"124\n372475 mmap(0x7fa66f573000, "..., 4096) = 128
1674  <... write resumed>)              = 4
1675  write(1, "124\nOKNHKI\\\21\21\35\fTL\4K\32\35JJ\32IKOLLLP\\"..., 128 <unfinished ...>
1674  write(6, "372475 mmap(0x7fa66f6eb000, 3194"..., 114 <unfinished ...>
1675  <... write resumed>)              = 128
1674  <... write resumed>)              = 114
1675  read(0,  <unfinished ...>
1674  write(6, "124\n", 4 <unfinished ...>
1675  <... read resumed>"114\n372475 mmap(0x7fa66f6eb000, "..., 4096) = 118
1674  <... write resumed>)              = 4
1675  write(1, "114\nAE@FEGR\37\37\23\2ZB\nE\24\23DD\24D\27\20BBB^R"..., 118 <unfinished ...>
1674  write(6, "372475 mmap(0x7fa66f739000, 2457"..., 124 <unfinished ...>
1675  <... write resumed>)              = 118
1674  <... write resumed>)              = 124
1675  read(0,  <unfinished ...>
1674  write(6, "118\n", 4 <unfinished ...>
1675  <... read resumed>"124\n372475 mmap(0x7fa66f739000, "..., 4096) = 128
1674  <... write resumed>)              = 4
1675  write(1, "124\nOKNHKI\\\21\21\35\fTL\4K\32\35JJ\32KOELLLP\\"..., 128 <unfinished ...>
1674  write(6, "372475 mmap(0x7fa66f73f000, 1392"..., 118 <unfinished ...>
1675  <... write resumed>)              = 128
1674  <... write resumed>)              = 118
1675  read(0,  <unfinished ...>
1674  write(6, "44\n", 3 <unfinished ...>
1675  <... read resumed>"118\n372475 mmap(0x7fa66f73f000, "..., 4096) = 122
1674  <... write resumed>)              = 3
1675  write(1, "118\nEADBACV\33\33\27\6^F\16A\20\27@@\20AE\20FFFZV"..., 122 <unfinished ...>
1674  write(6, "372475 close(6)                 "..., 44 <unfinished ...>
1675  <... write resumed>)              = 122
1674  <... write resumed>)              = 44
1675  read(0,  <unfinished ...>
1674  write(6, "51\n", 3 <unfinished ...>
1675  <... read resumed>"44\n372475 close(6)              "..., 4096) = 47
1674  <... write resumed>)              = 3
1675  write(1, "44\n\37\33\36\30\33\31\fO@C_I\4\32\5\f\f\f\f\f\f\f\f\f\f\f\f\f\f"..., 47 <unfinished ...>
1674  write(6, "372475 arch_prctl(ARCH_SET_FS, 0"..., 51 <unfinished ...>
1675  <... write resumed>)              = 47
1674  <... write resumed>)              = 51
1675  read(0,  <unfinished ...>
1674  write(6, "54\n", 3 <unfinished ...>
1675  <... read resumed>"51\n372475 arch_prctl(ARCH_SET_FS"..., 4096) = 54
1674  <... write resumed>)              = 3
1675  write(1, "51\n\0\4\1\7\4\6\23RAP[lCAPG_\33rap{l`vglu`"..., 54 <unfinished ...>
1674  write(6, "372475 mprotect(0x7fa66f739000, "..., 54 <unfinished ...>
1675  <... write resumed>)              = 54
1674  <... write resumed>)              = 54
1675  read(0,  <unfinished ...>
1674  write(6, "53\n", 3 <unfinished ...>
1675  <... read resumed>"54\n372475 mprotect(0x7fa66f73900"..., 4096) = 57
1674  <... write resumed>)              = 3
1675  write(1, "54\n\5\1\4\2\1\3\26[FDYBSUB\36\6N\1PW\0\0P\1\5\17\6\6"..., 57 <unfinished ...>
1674  write(6, "372475 mprotect(0x5580dbe0a000, "..., 53 <unfinished ...>
1675  <... write resumed>)              = 57
1674  <... write resumed>)              = 53
1675  read(0,  <unfinished ...>
1674  write(6, "53\n", 3 <unfinished ...>
1675  <... read resumed>"53\n372475 mprotect(0x5580dbe0a00"..., 4096) = 56
1674  <... write resumed>)              = 3
1675  write(1, "53\n\6\2\7\1\2\0\25XEGZAPVA\35\5M\0\0\r\5QWP\5T\5\5"..., 56 <unfinished ...>
1674  write(6, "372475 mprotect(0x7fa66f792000, "..., 53 <unfinished ...>
1675  <... write resumed>)              = 56
1674  <... write resumed>)              = 53
1675  read(0,  <unfinished ...>
1674  write(6, "44\n", 3 <unfinished ...>
1675  <... read resumed>"53\n372475 mprotect(0x7fa66f79200"..., 4096) = 56
1674  <... write resumed>)              = 3
1675  write(1, "53\n\6\2\7\1\2\0\25XEGZAPVA\35\5M\2ST\3\3S\2\f\7\5\5"..., 56 <unfinished ...>
1674  write(6, "372475 munmap(0x7fa66f745000, 12"..., 44 <unfinished ...>
1675  <... write resumed>)              = 56
1674  <... write resumed>)              = 44
1675  read(0,  <unfinished ...>
1674  write(6, "60\n", 3 <unfinished ...>
1675  <... read resumed>"44\n372475 munmap(0x7fa66f745000,"..., 4096) = 47
1674  <... write resumed>)              = 3
1675  write(1, "44\n\37\33\36\30\33\31\fAYBAM\\\4\34T\33JM\32\32J\33\30\31\34\34\34\0"..., 47 <unfinished ...>
1674  write(6, "372475 fstat(0, {st_mode=S_IFIFO"..., 60 <unfinished ...>
1675  <... write resumed>)              = 47
1674  <... write resumed>)              = 60
1675  read(0,  <unfinished ...>
1674  write(6, "36\n", 3 <unfinished ...>
1675  <... read resumed>"60\n372475 fstat(0, {st_mode=S_IF"..., 4096) = 63
1674  <... write resumed>)              = 3
1675  write(1, "60\n\17\v\16\10\v\t\34ZOH]H\24\f\20\34GOHcQSXY\1ocuz"..., 63 <unfinished ...>
1674  write(6, "372475 brk(NULL)                "..., 36 <unfinished ...>
1675  <... write resumed>)              = 63
1674  <... write resumed>)              = 36
1675  read(0,  <unfinished ...>
1674  read(3,  <unfinished ...>
1675  <... read resumed>"36\n372475 brk(NULL)             "..., 4096) = 39
1674  <... read resumed>"    = 0x5580dbf1a000\n372475 brk("..., 1000) = 1000
1675  write(1, "36\n\27\23\26\20\23\21\4FVO\fjqhh\r\4\4\4\4\4\4\4\4\4\4\4\4\4"..., 39 <unfinished ...>
1674  write(6, "21\n", 3 <unfinished ...>
1675  <... write resumed>)              = 39
1674  <... write resumed>)              = 3
1675  read(0,  <unfinished ...>
1674  write(6, "    = 0x5580dbf1a000\n", 21 <unfinished ...>
1675  <... read resumed>"21\n", 4096)   = 3
1674  <... write resumed>)              = 21
1675  read(0,  <unfinished ...>
1674  write(6, "57\n", 3 <unfinished ...>
1675  <... read resumed>"    = 0x5580dbf1a000\n", 4096) = 21
1674  <... write resumed>)              = 3
1675  write(1, "21\n5555(5%m  -%qws$t%%%\37", 24 <unfinished ...>
1674  write(6, "372475 brk(0x5580dbf3b000)      "..., 57 <unfinished ...>
1675  <... write resumed>)              = 24
1674  <... write resumed>)              = 57
1675  read(0,  <unfinished ...>
1674  write(6, "63\n", 3 <unfinished ...>
1675  <... read resumed>"57\n372475 brk(0x5580dbf3b000)   "..., 4096) = 60
1674  <... write resumed>)              = 3
1675  write(1, "57\n\n\16\v\r\16\f\31[KR\21\tA\f\f\1\t][_\n[\t\t\t\20\31\31\31"..., 60 <unfinished ...>
1674  write(6, "372475 read(0, \"28\\nall: encdrv "..., 63 <unfinished ...>
1675  <... write resumed>)              = 60
1674  <... write resumed>)              = 63
1675  read(0,  <unfinished ...>
1674  write(6, "60\n", 3 <unfinished ...>
1675  <... read resumed>"63\n372475 read(0, \"28\\nall: encd"..., 4096) = 66
1674  <... write resumed>)              = 3
1675  write(1, "63\n\f\10\r\v\10\n\37MZ^[\27\17\23\37\35\r\7cQ^SS\5\37ZQ\\["..., 66 <unfinished ...>
1674  write(6, "372475 fstat(1, {st_mode=S_IFIFO"..., 60 <unfinished ...>
1675  <... write resumed>)              = 66
1674  <... write resumed>)              = 60
1675  read(0,  <unfinished ...>
1674  write(6, "83\n", 3 <unfinished ...>
1675  <... read resumed>"60\n372475 fstat(1, {st_mode=S_IF"..., 4096) = 63
1674  <... write resumed>)              = 3
1675  write(1, "60\n\17\v\16\10\v\t\34ZOH]H\24\r\20\34GOHcQSXY\1ocuz"..., 63 <unfinished ...>
1674  write(6, "372475 write(1, \"28\\n}pp&<yr\\177"..., 83 <unfinished ...>
1675  <... write resumed>)              = 63
1674  <... write resumed>)              = 83
1675  read(0,  <unfinished ...>
1674  write(6, "81\n", 3 <unfinished ...>
1675  <... read resumed>"83\n372475 write(1, \"28\\n}pp&<yr\\"..., 4096) = 86
1674  <... write resumed>)              = 3
1675  write(1, "83\n`dagdfs$!:'6{b\177sqak\17=.##uo*!\17"..., 86 <unfinished ...>
1674  write(6, "372474 <... read resumed>\"28\\n}p"..., 81 <unfinished ...>
1675  <... write resumed>)              = 86
1674  <... write resumed>)              = 81
1675  read(0,  <unfinished ...>
1674  write(6, "45\n", 3 <unfinished ...>
1675  <... read resumed>"81\n372474 <... read resumed>\"28\\"..., 4096) = 84
1674  <... write resumed>)              = 3
1675  write(1, "81\nbfcefeqm\177\177\177q#405q#4\"$<45osci\r"..., 84 <unfinished ...>
1674  write(6, "372475 <... write resumed>)     "..., 45 <unfinished ...>
1675  <... write resumed>)              = 84
1674  <... write resumed>)              = 45
1675  read(0,  <unfinished ...>
1674  write(6, "83\n", 3 <unfinished ...>
1675  <... read resumed>"45\n372475 <... write resumed>)  "..., 4096) = 48
1674  <... write resumed>)              = 3
1675  write(1, "45\n\36\32\37\31\32\30\r\21\3\3\3\rZ_DYH\r_H^X@HI\23\4\r\r"..., 48 <unfinished ...>
1674  write(6, "372474 write(4, \"28\\n}pp&<yr\\177"..., 83 <unfinished ...>
1675  <... write resumed>)              = 48
1674  <... write resumed>)              = 83
1675  read(0,  <unfinished ...>
1674  write(6, "33\n", 3 <unfinished ...>
1675  <... read resumed>"83\n372474 write(4, \"28\\n}pp&<yr\\"..., 4096) = 86
1674  <... write resumed>)              = 3
1675  write(1, "83\n`dagdgs$!:'6{g\177sqak\17=.##uo*!\17"..., 86 <unfinished ...>
1674  write(6, "372475 read(0,  <unfinished ...>"..., 33 <unfinished ...>
1675  <... write resumed>)              = 86
1674  <... write resumed>)              = 33
1675  read(0,  <unfinished ...>
1674  write(6, "45\n", 3 <unfinished ...>
1675  <... read resumed>"33\n372475 read(0,  <unfinished ."..., 4096) = 36
1674  <... write resumed>)              = 3
1675  write(1, "33\n\22\26\23\25\26\24\1SD@E\t\21\r\1\1\35TOGHOHRIDE\1\17"..., 36 <unfinished ...>
1674  write(6, "372474 <... write resumed>)     "..., 45 <unfinished ...>
1675  <... write resumed>)              = 36
1674  <... write resumed>)              = 45
1675  read(0,  <unfinished ...>
1674  write(6, "44\n", 3 <unfinished ...>
1675  <... read resumed>"45\n372474 <... write resumed>)  "..., 4096) = 48
1674  <... write resumed>)              = 3
1675  write(1, "45\n\36\32\37\31\32\31\r\21\3\3\3\rZ_DYH\r_H^X@HI\23\4\r\r"..., 48 <unfinished ...>
1674  write(6, "372474 write(6, \"1\\n\", 2)       "..., 44 <unfinished ...>
1675  <... write resumed>)              = 48
1674  <... write resumed>)              = 44
1675  read(0,  <unfinished ...>
1674  write(6, "44\n", 3 <unfinished ...>
1675  <... read resumed>"44\n372474 write(6, \"1\\n\", 2)    "..., 4096) = 47
1674  <... write resumed>)              = 3
1675  write(1, "44\n\37\33\36\30\33\30\f[^EXI\4\32\0\f\16\35pB\16\0\f\36\5\f\f\f\f"..., 47 <unfinished ...>
1674  write(6, "372475 <... read resumed>\"1\\n\", "..., 44 <unfinished ...>
1675  <... write resumed>)              = 47
1674  <... write resumed>)              = 44
1675  read(0,  <unfinished ...>
1674  write(6, "41\n", 3 <unfinished ...>
1675  <... read resumed>"44\n372475 <... read resumed>\"1\\n"..., 4096) = 47
1674  <... write resumed>)              = 3
1675  write(1, "44\n\37\33\36\30\33\31\f\20\2\2\2\f^IMH\f^I_YAIH\22\16\35pB"..., 47 <unfinished ...>
1674  write(6, "372474 write(6, \"\\n\", 1 <unfinis"..., 41 <unfinished ...>
1675  <... write resumed>)              = 47
1674  <... write resumed>)              = 41
1675  read(0,  <unfinished ...>
1674  write(6, "33\n", 3 <unfinished ...>
1675  <... read resumed>"41\n372474 write(6, \"\\n\", 1 <unfi"..., 4096) = 44
1674  <... write resumed>)              = 3
1675  write(1, "41\n\32\36\33\35\36\35\t^[@]L\1\37\5\t\vuG\v\5\t\30\t\25\\GO@"..., 44 <unfinished ...>
1674  write(6, "372475 read(0,  <unfinished ...>"..., 33 <unfinished ...>
1675  <... write resumed>)              = 44
1674  <... write resumed>)              = 33
1675  read(0,  <unfinished ...>
1674  write(6, "44\n", 3 <unfinished ...>
1675  <... read resumed>"33\n372475 read(0,  <unfinished ."..., 4096) = 36
1674  <... write resumed>)              = 3
1675  write(1, "33\n\22\26\23\25\26\24\1SD@E\t\21\r\1\1\35TOGHOHRIDE\1\17"..., 36 <unfinished ...>
1674  write(6, "372474 <... write resumed>)     "..., 44 <unfinished ...>
1675  <... write resumed>)              = 36
1674  <... write resumed>)              = 44
1675  read(0,  <unfinished ...>
1674  write(6, "33\n", 3 <unfinished ...>
1675  <... read resumed>"44\n372474 <... write resumed>)  "..., 4096) = 47
1674  <... write resumed>)              = 3
1675  write(1, "44\n\37\33\36\30\33\30\f\20\2\2\2\f[^EXI\f^I_YAIH\22\5\f\f"..., 47 <unfinished ...>
1674  write(6, "372474 read(7,  <unfinished ...>"..., 33 <unfinished ...>
1675  <... write resumed>)              = 47
1674  <... write resumed>)              = 33
1675  read(0,  <unfinished ...>
1674  write(6, "44\n", 3 <unfinished ...>
1675  <... read resumed>"33\n372474 read(7,  <unfinished ."..., 4096) = 36
1674  <... write resumed>)              = 3
1675  write(1, "33\n\22\26\23\25\26\25\1SD@E\t\26\r\1\1\35TOGHOHRIDE\1\17"..., 36 <unfinished ...>
1674  write(6, "372475 <... read resumed>\"\\n\", 4"..., 44 <unfinished ...>
1675  <... write resumed>)              = 36
1674  <... write resumed>)              = 44
1675  read(0,  <unfinished ...>
1674  write(6, "44\n", 3 <unfinished ...>
1675  <... read resumed>"44\n372475 <... read resumed>\"\\n\""..., 4096) = 47
1674  <... write resumed>)              = 3
1675  write(1, "44\n\37\33\36\30\33\31\f\20\2\2\2\f^IMH\f^I_YAIH\22\16pB\16"..., 47 <unfinished ...>
1674  write(6, "372475 write(1, \"1\\n\\v\", 3 <unfi"..., 44 <unfinished ...>
1675  <... write resumed>)              = 47
1674  <... write resumed>)              = 44
1675  read(0,  <unfinished ...>
1674  write(6, "44\n", 3 <unfinished ...>
1675  <... read resumed>"44\n372475 write(1, \"1\\n\\v\", 3 <u"..., 4096) = 47
1674  <... write resumed>)              = 3
1675  write(1, "44\n\37\33\36\30\33\31\f[^EXI\4\35\0\f\16\35pBpZ\16\0\f\37\f\20Y"..., 47 <unfinished ...>
1674  write(6, "372474 <... read resumed>\"1\\n\\v\""..., 44 <unfinished ...>
1675  <... write resumed>)              = 47
1674  <... write resumed>)              = 44
1675  read(0,  <unfinished ...>
1674  write(6, "44\n", 3 <unfinished ...>
1675  <... read resumed>"44\n372474 <... read resumed>\"1\\n"..., 4096) = 47
1674  <... write resumed>)              = 3
1675  write(1, "44\n\37\33\36\30\33\30\f\20\2\2\2\f^IMH\f^I_YAIH\22\16\35pB"..., 47 <unfinished ...>
1674  write(6, "372475 <... write resumed>)     "..., 44 <unfinished ...>
1675  <... write resumed>)              = 47
1674  <... write resumed>)              = 44
1675  read(0,  <unfinished ...>
1674  write(6, "14\n", 3 <unfinished ...>
1675  <... read resumed>"44\n372475 <... write resumed>)  "..., 4096) = 47
1674  <... write resumed>)              = 3
1675  write(1, "44\n\37\33\36\30\33\31\f\20\2\2\2\f[^EXI\f^I_YAIH\22\5\f\f"..., 47 <unfinished ...>
1674  write(6, "372474 write(4", 14 <unfinished ...>
1675  <... write resumed>)              = 47
1674  <... write resumed>)              = 14
1675  read(0,  <unfinished ...>
1674  read(3,  <unfinished ...>
1675  <... read resumed>"14\n372474 write(4", 4096) = 17
1674  <... read resumed>", \"1\\n\\v\", 3 <unfinished ...>\n37"..., 1000) = 1000
1675  write(1, "14\n=9<:9:.y|gzk&:", 17 <unfinished ...>
1674  write(6, "30\n", 3 <unfinished ...>
1675  <... write resumed>)              = 17
1674  <... write resumed>)              = 3
1675  read(0,  <unfinished ...>
1674  write(6, ", \"1\\n\\v\", 3 <unfinished ...>\n", 30 <unfinished ...>
1675  <... read resumed>"30\n", 4096)   = 3
1674  <... write resumed>)              = 30
1675  read(0,  <unfinished ...>
1674  write(6, "33\n", 3 <unfinished ...>
1675  <... read resumed>", \"1\\n\\v\", 3 <unfinished ...>\n", 4096) = 30
1674  <... write resumed>)              = 3
1675  write(1, "30\n2></BpBh<2>->\"kpxwpwmv{z>000 "..., 33 <unfinished ...>
1674  write(6, "372475 read(0,  <unfinished ...>"..., 33 <unfinished ...>
1675  <... write resumed>)              = 33
1674  <... write resumed>)              = 33
1675  read(0,  <unfinished ...>
1674  write(6, "44\n", 3 <unfinished ...>
1675  <... read resumed>"33\n372475 read(0,  <unfinished ."..., 4096) = 36
1674  <... write resumed>)              = 3
1675  write(1, "33\n\22\26\23\25\26\24\1SD@E\t\21\r\1\1\35TOGHOHRIDE\1\17"..., 36 <unfinished ...>
1674  write(6, "372474 <... write resumed>)     "..., 44 <unfinished ...>
1675  <... write resumed>)              = 36
1674  <... write resumed>)              = 44
1675  read(0,  <unfinished ...>
1674  write(6, "44\n", 3 <unfinished ...>
1675  <... read resumed>"44\n372474 <... write resumed>)  "..., 4096) = 47
1674  <... write resumed>)              = 3
1675  write(1, "44\n\37\33\36\30\33\30\f\20\2\2\2\f[^EXI\f^I_YAIH\22\5\f\f"..., 47 <unfinished ...>
1674  write(6, "372474 write(6, \"18\\n\", 3)      "..., 44 <unfinished ...>
1675  <... write resumed>)              = 47
1674  <... write resumed>)              = 44
1675  read(0,  <unfinished ...>
1674  write(6, "44\n", 3 <unfinished ...>
1675  <... read resumed>"44\n372474 write(6, \"18\\n\", 3)   "..., 4096) = 47
1674  <... write resumed>)              = 3
1675  write(1, "44\n\37\33\36\30\33\30\f[^EXI\4\32\0\f\16\35\24pB\16\0\f\37\5\f\f\f"..., 47 <unfinished ...>
1674  write(6, "372475 <... read resumed>\"18\\n\","..., 44 <unfinished ...>
1675  <... write resumed>)              = 47
1674  <... write resumed>)              = 44
1675  read(0,  <unfinished ...>
1674  write(6, "59\n", 3 <unfinished ...>
1675  <... read resumed>"44\n372475 <... read resumed>\"18\\"..., 4096) = 47
1674  <... write resumed>)              = 3
1675  write(1, "44\n\37\33\36\30\33\31\f\20\2\2\2\f^IMH\f^I_YAIH\22\16\35\24p"..., 47 <unfinished ...>
1674  write(6, "372474 write(6, \"encrypt:encrypt"..., 59 <unfinished ...>
1675  <... write resumed>)              = 47
1674  <... write resumed>)              = 59
1675  read(0,  <unfinished ...>
1674  write(6, "33\n", 3 <unfinished ...>
1675  <... read resumed>"59\n372474 write(6, \"encrypt:encr"..., 4096) = 62
1674  <... write resumed>)              = 3
1675  write(1, "59\n\10\f\t\17\f\17\33LIRO^\23\r\27\33\31^UXIBKO\1^UXI"..., 62 <unfinished ...>
1674  write(6, "372475 read(0,  <unfinished ...>"..., 33 <unfinished ...>
1675  <... write resumed>)              = 62
1674  <... write resumed>)              = 33
1675  read(0,  <unfinished ...>
1674  write(6, "45\n", 3 <unfinished ...>
1675  <... read resumed>"33\n372475 read(0,  <unfinished ."..., 4096) = 36
1674  <... write resumed>)              = 3
1675  write(1, "33\n\22\26\23\25\26\24\1SD@E\t\21\r\1\1\35TOGHOHRIDE\1\17"..., 36 <unfinished ...>
1674  write(6, "372474 <... write resumed>)     "..., 45 <unfinished ...>
1675  <... write resumed>)              = 36
1674  <... write resumed>)              = 45
1675  read(0,  <unfinished ...>
1674  write(6, "33\n", 3 <unfinished ...>
1675  <... read resumed>"45\n372474 <... write resumed>)  "..., 4096) = 48
1674  <... write resumed>)              = 3
1675  write(1, "45\n\36\32\37\31\32\31\r\21\3\3\3\rZ_DYH\r_H^X@HI\23\4\r\r"..., 48 <unfinished ...>
1674  write(6, "372474 read(7,  <unfinished ...>"..., 33 <unfinished ...>
1675  <... write resumed>)              = 48
1674  <... write resumed>)              = 33
1675  read(0,  <unfinished ...>
1674  write(6, "59\n", 3 <unfinished ...>
1675  <... read resumed>"33\n372474 read(7,  <unfinished ."..., 4096) = 36
1674  <... write resumed>)              = 3
1675  write(1, "33\n\22\26\23\25\26\25\1SD@E\t\26\r\1\1\35TOGHOHRIDE\1\17"..., 36 <unfinished ...>
1674  write(6, "372475 <... read resumed>\"encryp"..., 59 <unfinished ...>
1675  <... write resumed>)              = 36
1674  <... write resumed>)              = 59
1675  read(0,  <unfinished ...>
1674  write(6, "64\n", 3 <unfinished ...>
1675  <... read resumed>"59\n372475 <... read resumed>\"enc"..., 4096) = 62
1674  <... write resumed>)              = 3
1675  write(1, "59\n\10\f\t\17\f\16\33\7\25\25\25\33I^Z_\33I^HNV^_\5\31^UX"..., 62 <unfinished ...>
1674  write(6, "372475 write(1, \"18\\nw|q`kbf(w|q"..., 64 <unfinished ...>
1675  <... write resumed>)              = 62
1674  <... write resumed>)              = 64
1675  read(0,  <unfinished ...>
1674  write(6, "62\n", 3 <unfinished ...>
1675  <... read resumed>"64\n372475 write(1, \"18\\nw|q`kbf("..., 4096) = 67
1674  <... write resumed>)              = 3
1675  write(1, "64\nswrtwu`72)4%hql`bqx\34.7<1 +\"&h"..., 67 <unfinished ...>
1674  write(6, "372474 <... read resumed>\"18\\nw|"..., 62 <unfinished ...>
1675  <... write resumed>)              = 67
1674  <... write resumed>)              = 62
1675  read(0,  <unfinished ...>
1674  write(6, "45\n", 3 <unfinished ...>
1675  <... read resumed>"62\n372474 <... read resumed>\"18\\"..., 4096) = 65
1674  <... write resumed>)              = 3
1675  write(1, "62\n\r\t\f\n\t\n\36\2\20\20\20\36L[_Z\36L[MKS[Z\0\34\17\6b"..., 65 <unfinished ...>
1674  write(6, "372475 <... write resumed>)     "..., 45 <unfinished ...>
1675  <... write resumed>)              = 65
1674  <... write resumed>)              = 45
1675  read(0,  <unfinished ...>
1674  write(6, "64\n", 3 <unfinished ...>
1675  <... read resumed>"45\n372475 <... write resumed>)  "..., 4096) = 48
1674  <... write resumed>)              = 3
1675  write(1, "45\n\36\32\37\31\32\30\r\21\3\3\3\rZ_DYH\r_H^X@HI\23\4\r\r"..., 48 <unfinished ...>
1674  write(6, "372474 write(4, \"18\\nw|q`kbf(w|q"..., 64 <unfinished ...>
1675  <... write resumed>)              = 48
1674  <... write resumed>)              = 64
1675  read(0,  <unfinished ...>
1674  write(6, "33\n", 3 <unfinished ...>
1675  <... read resumed>"64\n372474 write(4, \"18\\nw|q`kbf("..., 4096) = 67
1674  <... write resumed>)              = 3
1675  write(1, "64\nswrtwt`72)4%htl`bqx\34.7<1 +\"&h"..., 67 <unfinished ...>
1674  write(6, "372475 read(0,  <unfinished ...>"..., 33 <unfinished ...>
1675  <... write resumed>)              = 67
1674  <... write resumed>)              = 33
1675  read(0,  <unfinished ...>
1674  write(6, "45\n", 3 <unfinished ...>
1675  <... read resumed>"33\n372475 read(0,  <unfinished ."..., 4096) = 36
1674  <... write resumed>)              = 3
1675  write(1, "33\n\22\26\23\25\26\24\1SD@E\t\21\r\1\1\35TOGHOHRIDE\1\17"..., 36 <unfinished ...>
1674  write(6, "372474 <... write resumed>)     "..., 45 <unfinished ...>
1675  <... write resumed>)              = 36
1674  <... write resumed>)              = 45
1675  read(0,  <unfinished ...>
1674  write(6, "44\n", 3 <unfinished ...>
1675  <... read resumed>"45\n372474 <... write resumed>)  "..., 4096) = 48
1674  <... write resumed>)              = 3
1675  write(1, "45\n\36\32\37\31\32\31\r\21\3\3\3\rZ_DYH\r_H^X@HI\23\4\r\r"..., 48 <unfinished ...>
1674  write(6, "372474 write(6, \"26\\n\", 3)      "..., 44 <unfinished ...>
1675  <... write resumed>)              = 48
1674  <... write resumed>)              = 44
1675  read(0,  <unfinished ...>
1674  write(6, "44\n", 3 <unfinished ...>
1675  <... read resumed>"44\n372474 write(6, \"26\\n\", 3)   "..., 4096) = 47
1674  <... write resumed>)              = 3
1675  write(1, "44\n\37\33\36\30\33\30\f[^EXI\4\32\0\f\16\36\32pB\16\0\f\37\5\f\f\f"..., 47 <unfinished ...>
1674  write(6, "372475 <... read resumed>\"26\\n\","..., 44 <unfinished ...>
1675  <... write resumed>)              = 47
1674  <... write resumed>)              = 44
1675  read(0,  <unfinished ...>
1674  write(6, "68\n", 3 <unfinished ...>
1675  <... read resumed>"44\n372475 <... read resumed>\"26\\"..., 4096) = 47
1674  <... write resumed>)              = 3
1675  write(1, "44\n\37\33\36\30\33\31\f\20\2\2\2\f^IMH\f^I_YAIH\22\16\36\32p"..., 47 <unfinished ...>
1674  write(6, "372474 write(6, \"\\tgcc encrypt.c"..., 68 <unfinished ...>
1675  <... write resumed>)              = 47
1674  <... write resumed>)              = 68
1675  read(0,  <unfinished ...>
1674  write(6, "33\n", 3 <unfinished ...>
1675  <... read resumed>"68\n372474 write(6, \"\\tgcc encryp"..., 4096) = 71
1674  <... write resumed>)              = 3
1675  write(1, "68\nwsvpspd36-0!lrhdf\0300#''d!*'6=4"..., 71 <unfinished ...>
1674  write(6, "372475 read(0,  <unfinished ...>"..., 33 <unfinished ...>
1675  <... write resumed>)              = 71
1674  <... write resumed>)              = 33
1675  read(0,  <unfinished ...>
1674  write(6, "45\n", 3 <unfinished ...>
1675  <... read resumed>"33\n372475 read(0,  <unfinished ."..., 4096) = 36
1674  <... write resumed>)              = 3
1675  write(1, "33\n\22\26\23\25\26\24\1SD@E\t\21\r\1\1\35TOGHOHRIDE\1\17"..., 36 <unfinished ...>
1674  write(6, "372474 <... write resumed>)     "..., 45 <unfinished ...>
1675  <... write resumed>)              = 36
1674  <... write resumed>)              = 45
1675  read(0,  <unfinished ...>
1674  write(6, "29\n", 3 <unfinished ...>
1675  <... read resumed>"45\n372474 <... write resumed>)  "..., 4096) = 48
1674  <... write resumed>)              = 3
1675  write(1, "45\n\36\32\37\31\32\31\r\21\3\3\3\rZ_DYH\r_H^X@HI\23\4\r\r"..., 48 <unfinished ...>
1674  write(6, "372475 <... read resumed>\"\\tg", 29 <unfinished ...>
1675  <... write resumed>)              = 48
1674  <... write resumed>)              = 29
1675  read(0,  <unfinished ...>
1674  read(3,  <unfinished ...>
1675  <... read resumed>"29\n372475 <... read resumed>\"\\tg", 4096) = 32
1674  <... read resumed>"cc encrypt.c -o encrypt\\n\", 4096"..., 1000) = 1000
1675  write(1, "29\n.*/)*(=!333=ox|y=oxnhpxy#?Aiz", 32 <unfinished ...>
1674  write(6, "39\n", 3 <unfinished ...>
1675  <... write resumed>)              = 32
1674  <... write resumed>)              = 3
1675  read(0,  <unfinished ...>
1674  write(6, "cc encrypt.c -o encrypt\\n\", 4096"..., 39 <unfinished ...>
1675  <... read resumed>"39\n", 4096)   = 3
1674  <... write resumed>)              = 39
1675  read(0,  <unfinished ...>
1674  write(6, "33\n", 3 <unfinished ...>
1675  <... read resumed>"cc encrypt.c -o encrypt\\n\", 4096"..., 4096) = 39
1674  <... write resumed>)              = 3
1675  write(1, "39\nDD\7BIDU^WS\tD\7\nH\7BIDU^WS{I\5\v\7\23"..., 42 <unfinished ...>
1674  write(6, "372474 read(7,  <unfinished ...>"..., 33 <unfinished ...>
1675  <... write resumed>)              = 42
1674  <... write resumed>)              = 33
1675  read(0,  <unfinished ...>
1674  write(6, "80\n", 3 <unfinished ...>
1675  <... read resumed>"33\n372474 read(7,  <unfinished ."..., 4096) = 36
1674  <... write resumed>)              = 3
1675  write(1, "33\n\22\26\23\25\26\25\1SD@E\t\26\r\1\1\35TOGHOHRIDE\1\17"..., 36 <unfinished ...>
1674  write(6, "372475 write(1, \"26\\n\\23}yy:\\177"..., 80 <unfinished ...>
1675  <... write resumed>)              = 36
1674  <... write resumed>)              = 80
1675  read(0,  <unfinished ...>
1674  write(6, "78\n", 3 <unfinished ...>
1675  <... read resumed>"80\n372475 write(1, \"26\\n\\23}yy:\\"..., 4096) = 83
1674  <... write resumed>)              = 3
1675  write(1, "80\ncgbdgep'\"9$5xa|prbf\f>\fbc-))j\f"..., 83 <unfinished ...>
1674  write(6, "372474 <... read resumed>\"26\\n\\2"..., 78 <unfinished ...>
1675  <... write resumed>)              = 83
1674  <... write resumed>)              = 78
1675  read(0,  <unfinished ...>
1674  write(6, "45\n", 3 <unfinished ...>
1675  <... read resumed>"78\n372474 <... read resumed>\"26\\"..., 4096) = 81
1674  <... write resumed>)              = 3
1675  write(1, "78\n}y|zyznr```n<+/*n<+=;#+*pl|x\22"..., 81 <unfinished ...>
1674  write(6, "372475 <... write resumed>)     "..., 45 <unfinished ...>
1675  <... write resumed>)              = 81
1674  <... write resumed>)              = 45
1675  read(0,  <unfinished ...>
1674  write(6, "80\n", 3 <unfinished ...>
1675  <... read resumed>"45\n372475 <... write resumed>)  "..., 4096) = 48
1674  <... write resumed>)              = 3
1675  write(1, "45\n\36\32\37\31\32\30\r\21\3\3\3\rZ_DYH\r_H^X@HI\23\4\r\r"..., 48 <unfinished ...>
1674  write(6, "372474 write(4, \"26\\n\\23}yy:\\177"..., 80 <unfinished ...>
1675  <... write resumed>)              = 48
1674  <... write resumed>)              = 80
1675  read(0,  <unfinished ...>
1674  write(6, "33\n", 3 <unfinished ...>
1675  <... read resumed>"80\n372474 write(4, \"26\\n\\23}yy:\\"..., 4096) = 83
1674  <... write resumed>)              = 3
1675  write(1, "80\ncgbdgdp'\"9$5xd|prbf\f>\fbc-))j\f"..., 83 <unfinished ...>
1674  write(6, "372475 read(0,  <unfinished ...>"..., 33 <unfinished ...>
1675  <... write resumed>)              = 83
1674  <... write resumed>)              = 33
1675  read(0,  <unfinished ...>
1674  write(6, "45\n", 3 <unfinished ...>
1675  <... read resumed>"33\n372475 read(0,  <unfinished ."..., 4096) = 36
1674  <... write resumed>)              = 3
1675  write(1, "33\n\22\26\23\25\26\24\1SD@E\t\21\r\1\1\35TOGHOHRIDE\1\17"..., 36 <unfinished ...>
1674  write(6, "372474 <... write resumed>)     "..., 45 <unfinished ...>
1675  <... write resumed>)              = 36
1674  <... write resumed>)              = 45
1675  read(0,  <unfinished ...>
1674  write(6, "44\n", 3 <unfinished ...>
1675  <... read resumed>"45\n372474 <... write resumed>)  "..., 4096) = 48
1674  <... write resumed>)              = 3
1675  write(1, "45\n\36\32\37\31\32\31\r\21\3\3\3\rZ_DYH\r_H^X@HI\23\4\r\r"..., 48 <unfinished ...>
1674  write(6, "372474 write(6, \"1\\n\", 2)       "..., 44 <unfinished ...>
1675  <... write resumed>)              = 48
1674  <... write resumed>)              = 44
1675  read(0,  <unfinished ...>
1674  write(6, "44\n", 3 <unfinished ...>
1675  <... read resumed>"44\n372474 write(6, \"1\\n\", 2)    "..., 4096) = 47
1674  <... write resumed>)              = 3
1675  write(1, "44\n\37\33\36\30\33\30\f[^EXI\4\32\0\f\16\35pB\16\0\f\36\5\f\f\f\f"..., 47 <unfinished ...>
1674  write(6, "372475 <... read resumed>\"1\\n\", "..., 44 <unfinished ...>
1675  <... write resumed>)              = 47
1674  <... write resumed>)              = 44
1675  read(0,  <unfinished ...>
1674  write(6, "41\n", 3 <unfinished ...>
1675  <... read resumed>"44\n372475 <... read resumed>\"1\\n"..., 4096) = 47
1674  <... write resumed>)              = 3
1675  write(1, "44\n\37\33\36\30\33\31\f\20\2\2\2\f^IMH\f^I_YAIH\22\16\35pB"..., 47 <unfinished ...>
1674  write(6, "372474 write(6, \"\\n\", 1 <unfinis"..., 41 <unfinished ...>
1675  <... write resumed>)              = 47
1674  <... write resumed>)              = 41
1675  read(0,  <unfinished ...>
1674  write(6, "33\n", 3 <unfinished ...>
1675  <... read resumed>"41\n372474 write(6, \"\\n\", 1 <unfi"..., 4096) = 44
1674  <... write resumed>)              = 3
1675  write(1, "41\n\32\36\33\35\36\35\t^[@]L\1\37\5\t\vuG\v\5\t\30\t\25\\GO@"..., 44 <unfinished ...>
1674  write(6, "372475 read(0,  <unfinished ...>"..., 33 <unfinished ...>
1675  <... write resumed>)              = 44
1674  <... write resumed>)              = 33
1675  read(0,  <unfinished ...>
1674  write(6, "44\n", 3 <unfinished ...>
1675  <... read resumed>"33\n372475 read(0,  <unfinished ."..., 4096) = 36
1674  <... write resumed>)              = 3
1675  write(1, "33\n\22\26\23\25\26\24\1SD@E\t\21\r\1\1\35TOGHOHRIDE\1\17"..., 36 <unfinished ...>
1674  write(6, "372474 <... write resumed>)     "..., 44 <unfinished ...>
1675  <... write resumed>)              = 36
1674  <... write resumed>)              = 44
1675  read(0,  <unfinished ...>
1674  write(6, "44\n", 3 <unfinished ...>
1675  <... read resumed>"44\n372474 <... write resumed>)  "..., 4096) = 47
1674  <... write resumed>)              = 3
1675  write(1, "44\n\37\33\36\30\33\30\f\20\2\2\2\f[^EXI\f^I_YAIH\22\5\f\f"..., 47 <unfinished ...>
1674  write(6, "372475 <... read resumed>\"\\n\", 4"..., 44 <unfinished ...>
1675  <... write resumed>)              = 47
1674  <... write resumed>)              = 44
1675  read(0,  <unfinished ...>
1674  write(6, "33\n", 3 <unfinished ...>
1675  <... read resumed>"44\n372475 <... read resumed>\"\\n\""..., 4096) = 47
1674  <... write resumed>)              = 3
1675  write(1, "44\n\37\33\36\30\33\31\f\20\2\2\2\f^IMH\f^I_YAIH\22\16pB\16"..., 47 <unfinished ...>
1674  write(6, "372474 read(7,  <unfinished ...>"..., 33 <unfinished ...>
1675  <... write resumed>)              = 47
1674  <... write resumed>)              = 33
1675  read(0,  <unfinished ...>
1674  write(6, "44\n", 3 <unfinished ...>
1675  <... read resumed>"33\n372474 read(7,  <unfinished ."..., 4096) = 36
1674  <... write resumed>)              = 3
1675  write(1, "33\n\22\26\23\25\26\25\1SD@E\t\26\r\1\1\35TOGHOHRIDE\1\17"..., 36 <unfinished ...>
1674  write(6, "372475 write(1, \"1\\n\\v\", 3 <unfi"..., 44 <unfinished ...>
1675  <... write resumed>)              = 36
1674  <... write resumed>)              = 44
1675  read(0,  <unfinished ...>
1674  write(6, "44\n", 3 <unfinished ...>
1675  <... read resumed>"44\n372475 write(1, \"1\\n\\v\", 3 <u"..., 4096) = 47
1674  <... write resumed>)              = 3
1675  write(1, "44\n\37\33\36\30\33\31\f[^EXI\4\35\0\f\16\35pBpZ\16\0\f\37\f\20Y"..., 47 <unfinished ...>
1674  write(6, "372474 <... read resumed>\"1\\n\\v\""..., 44 <unfinished ...>
1675  <... write resumed>)              = 47
1674  <... write resumed>)              = 44
1675  read(0,  <unfinished ...>
1674  write(6, "44\n", 3 <unfinished ...>
1675  <... read resumed>"44\n372474 <... read resumed>\"1\\n"..., 4096) = 47
1674  <... write resumed>)              = 3
1675  write(1, "44\n\37\33\36\30\33\30\f\20\2\2\2\f^IMH\f^I_YAIH\22\16\35pB"..., 47 <unfinished ...>
1674  write(6, "372475 <... write resumed>)     "..., 44 <unfinished ...>
1675  <... write resumed>)              = 47
1674  <... write resumed>)              = 44
1675  read(0,  <unfinished ...>
1674  write(6, "44\n", 3 <unfinished ...>
1675  <... read resumed>"44\n372475 <... write resumed>)  "..., 4096) = 47
1674  <... write resumed>)              = 3
1675  write(1, "44\n\37\33\36\30\33\31\f\20\2\2\2\f[^EXI\f^I_YAIH\22\5\f\f"..., 47 <unfinished ...>
1674  write(6, "372474 write(4, \"1\\n\\v\", 3 <unfi"..., 44 <unfinished ...>
1675  <... write resumed>)              = 47
1674  <... write resumed>)              = 44
1675  read(0,  <unfinished ...>
1674  write(6, "33\n", 3 <unfinished ...>
1675  <... read resumed>"44\n372474 write(4, \"1\\n\\v\", 3 <u"..., 4096) = 47
1674  <... write resumed>)              = 3
1675  write(1, "44\n\37\33\36\30\33\30\f[^EXI\4\30\0\f\16\35pBpZ\16\0\f\37\f\20Y"..., 47 <unfinished ...>
1674  write(6, "372475 read(0,  <unfinished ...>"..., 33 <unfinished ...>
1675  <... write resumed>)              = 47
1674  <... write resumed>)              = 33
1675  read(0,  <unfinished ...>
1674  write(6, "44\n", 3 <unfinished ...>
1675  <... read resumed>"33\n372475 read(0,  <unfinished ."..., 4096) = 36
1674  <... write resumed>)              = 3
1675  write(1, "33\n\22\26\23\25\26\24\1SD@E\t\21\r\1\1\35TOGHOHRIDE\1\17"..., 36 <unfinished ...>
1674  write(6, "372474 <... write resumed>)     "..., 44 <unfinished ...>
1675  <... write resumed>)              = 36
1674  <... write resumed>)              = 44
1675  read(0,  <unfinished ...>
1674  write(6, "31\n", 3 <unfinished ...>
1675  <... read resumed>"44\n372474 <... write resumed>)  "..., 4096) = 47
1674  <... write resumed>)              = 3
1675  write(1, "44\n\37\33\36\30\33\30\f\20\2\2\2\f[^EXI\f^I_YAIH\22\5\f\f"..., 47 <unfinished ...>
1674  write(6, "372474 write(6, \"18\\n\", 3)     ", 31 <unfinished ...>
1675  <... write resumed>)              = 47
1674  <... write resumed>)              = 31
1675  read(0,  <unfinished ...>
1674  read(3,  <unfinished ...>
1675  <... read resumed>"31\n372474 write(6, \"18\\n\", 3)   "..., 4096) = 34
1674  <... read resumed>"         = 3\n372475 <... read re"..., 1000) = 1000
1675  write(1, "31\n,(-+(+?hmvkz7)3?=.'Cq=3?,6???"..., 34 <unfinished ...>
1674  write(6, "13\n", 3 <unfinished ...>
1675  <... write resumed>)              = 34
1674  <... write resumed>)              = 3
1675  read(0,  <unfinished ...>
1674  write(6, "         = 3\n", 13 <unfinished ...>
1675  <... read resumed>"13\n", 4096)   = 3
1674  <... write resumed>)              = 13
1675  read(0,  <unfinished ...>
1674  write(6, "44\n", 3 <unfinished ...>
1675  <... read resumed>"         = 3\n", 4096) = 13
1674  <... write resumed>)              = 3
1675  write(1, "13\n---------0->\7", 16 <unfinished ...>
1674  write(6, "372475 <... read resumed>\"18\\n\","..., 44 <unfinished ...>
1675  <... write resumed>)              = 16
1674  <... write resumed>)              = 44
1675  read(0,  <unfinished ...>
1674  write(6, "59\n", 3 <unfinished ...>
1675  <... read resumed>"44\n372475 <... read resumed>\"18\\"..., 4096) = 47
1674  <... write resumed>)              = 3
1675  write(1, "44\n\37\33\36\30\33\31\f\20\2\2\2\f^IMH\f^I_YAIH\22\16\35\24p"..., 47 <unfinished ...>
1674  write(6, "372474 write(6, \"decrypt:decrypt"..., 59 <unfinished ...>
1675  <... write resumed>)              = 47
1674  <... write resumed>)              = 59
1675  read(0,  <unfinished ...>
1674  write(6, "33\n", 3 <unfinished ...>
1675  <... read resumed>"59\n372474 write(6, \"decrypt:decr"..., 4096) = 62
1674  <... write resumed>)              = 3
1675  write(1, "59\n\10\f\t\17\f\17\33LIRO^\23\r\27\33\31_^XIBKO\1_^XI"..., 62 <unfinished ...>
1674  write(6, "372475 read(0,  <unfinished ...>"..., 33 <unfinished ...>
1675  <... write resumed>)              = 62
1674  <... write resumed>)              = 33
1675  read(0,  <unfinished ...>
1674  write(6, "45\n", 3 <unfinished ...>
1675  <... read resumed>"33\n372475 read(0,  <unfinished ."..., 4096) = 36
1674  <... write resumed>)              = 3
1675  write(1, "33\n\22\26\23\25\26\24\1SD@E\t\21\r\1\1\35TOGHOHRIDE\1\17"..., 36 <unfinished ...>
1674  write(6, "372474 <... write resumed>)     "..., 45 <unfinished ...>
1675  <... write resumed>)              = 36
1674  <... write resumed>)              = 45
1675  read(0,  <unfinished ...>
1674  write(6, "59\n", 3 <unfinished ...>
1675  <... read resumed>"45\n372474 <... write resumed>)  "..., 4096) = 48
1674  <... write resumed>)              = 3
1675  write(1, "45\n\36\32\37\31\32\31\r\21\3\3\3\rZ_DYH\r_H^X@HI\23\4\r\r"..., 48 <unfinished ...>
1674  write(6, "372475 <... read resumed>\"decryp"..., 59 <unfinished ...>
1675  <... write resumed>)              = 48
1674  <... write resumed>)              = 59
1675  read(0,  <unfinished ...>
1674  write(6, "33\n", 3 <unfinished ...>
1675  <... read resumed>"59\n372475 <... read resumed>\"dec"..., 4096) = 62
1674  <... write resumed>)              = 3
1675  write(1, "59\n\10\f\t\17\f\16\33\7\25\25\25\33I^Z_\33I^HNV^_\5\31_^X"..., 62 <unfinished ...>
1674  write(6, "372474 read(7,  <unfinished ...>"..., 33 <unfinished ...>
1675  <... write resumed>)              = 62
1674  <... write resumed>)              = 33
1675  read(0,  <unfinished ...>
1674  write(6, "64\n", 3 <unfinished ...>
1675  <... read resumed>"33\n372474 read(7,  <unfinished ."..., 4096) = 36
1674  <... write resumed>)              = 3
1675  write(1, "33\n\22\26\23\25\26\25\1SD@E\t\26\r\1\1\35TOGHOHRIDE\1\17"..., 36 <unfinished ...>
1674  write(6, "372475 write(1, \"18\\nvwq`kbf(vwq"..., 64 <unfinished ...>
1675  <... write resumed>)              = 36
1674  <... write resumed>)              = 64
1675  read(0,  <unfinished ...>
1674  write(6, "62\n", 3 <unfinished ...>
1675  <... read resumed>"64\n372475 write(1, \"18\\nvwq`kbf("..., 4096) = 67
1674  <... write resumed>)              = 3
1675  write(1, "64\nswrtwu`72)4%hql`bqx\34.671 +\"&h"..., 67 <unfinished ...>
1674  write(6, "372474 <... read resumed>\"18\\nvw"..., 62 <unfinished ...>
1675  <... write resumed>)              = 67
1674  <... write resumed>)              = 62
1675  read(0,  <unfinished ...>
1674  write(6, "45\n", 3 <unfinished ...>
1675  <... read resumed>"62\n372474 <... read resumed>\"18\\"..., 4096) = 65
1674  <... write resumed>)              = 3
1675  write(1, "62\n\r\t\f\n\t\n\36\2\20\20\20\36L[_Z\36L[MKS[Z\0\34\17\6b"..., 65 <unfinished ...>
1674  write(6, "372475 <... write resumed>)     "..., 45 <unfinished ...>
1675  <... write resumed>)              = 65
1674  <... write resumed>)              = 45
1675  read(0,  <unfinished ...>
1674  write(6, "64\n", 3 <unfinished ...>
1675  <... read resumed>"45\n372475 <... write resumed>)  "..., 4096) = 48
1674  <... write resumed>)              = 3
1675  write(1, "45\n\36\32\37\31\32\30\r\21\3\3\3\rZ_DYH\r_H^X@HI\23\4\r\r"..., 48 <unfinished ...>
1674  write(6, "372474 write(4, \"18\\nvwq`kbf(vwq"..., 64 <unfinished ...>
1675  <... write resumed>)              = 48
1674  <... write resumed>)              = 64
1675  read(0,  <unfinished ...>
1674  write(6, "33\n", 3 <unfinished ...>
1675  <... read resumed>"64\n372474 write(4, \"18\\nvwq`kbf("..., 4096) = 67
1674  <... write resumed>)              = 3
1675  write(1, "64\nswrtwt`72)4%htl`bqx\34.671 +\"&h"..., 67 <unfinished ...>
1674  write(6, "372475 read(0,  <unfinished ...>"..., 33 <unfinished ...>
1675  <... write resumed>)              = 67
1674  <... write resumed>)              = 33
1675  read(0,  <unfinished ...>
1674  write(6, "45\n", 3 <unfinished ...>
1675  <... read resumed>"33\n372475 read(0,  <unfinished ."..., 4096) = 36
1674  <... write resumed>)              = 3
1675  write(1, "33\n\22\26\23\25\26\24\1SD@E\t\21\r\1\1\35TOGHOHRIDE\1\17"..., 36 <unfinished ...>
1674  write(6, "372474 <... write resumed>)     "..., 45 <unfinished ...>
1675  <... write resumed>)              = 36
1674  <... write resumed>)              = 45
1675  read(0,  <unfinished ...>
1674  write(6, "44\n", 3 <unfinished ...>
1675  <... read resumed>"45\n372474 <... write resumed>)  "..., 4096) = 48
1674  <... write resumed>)              = 3
1675  write(1, "45\n\36\32\37\31\32\31\r\21\3\3\3\rZ_DYH\r_H^X@HI\23\4\r\r"..., 48 <unfinished ...>
1674  write(6, "372474 write(6, \"26\\n\", 3)      "..., 44 <unfinished ...>
1675  <... write resumed>)              = 48
1674  <... write resumed>)              = 44
1675  read(0,  <unfinished ...>
1674  write(6, "44\n", 3 <unfinished ...>
1675  <... read resumed>"44\n372474 write(6, \"26\\n\", 3)   "..., 4096) = 47
1674  <... write resumed>)              = 3
1675  write(1, "44\n\37\33\36\30\33\30\f[^EXI\4\32\0\f\16\36\32pB\16\0\f\37\5\f\f\f"..., 47 <unfinished ...>
1674  write(6, "372475 <... read resumed>\"26\\n\","..., 44 <unfinished ...>
1675  <... write resumed>)              = 47
1674  <... write resumed>)              = 44
1675  read(0,  <unfinished ...>
1674  write(6, "68\n", 3 <unfinished ...>
1675  <... read resumed>"44\n372475 <... read resumed>\"26\\"..., 4096) = 47
1674  <... write resumed>)              = 3
1675  write(1, "44\n\37\33\36\30\33\31\f\20\2\2\2\f^IMH\f^I_YAIH\22\16\36\32p"..., 47 <unfinished ...>
1674  write(6, "372474 write(6, \"\\tgcc decrypt.c"..., 68 <unfinished ...>
1675  <... write resumed>)              = 47
1674  <... write resumed>)              = 68
1675  read(0,  <unfinished ...>
1674  write(6, "33\n", 3 <unfinished ...>
1675  <... read resumed>"68\n372474 write(6, \"\\tgcc decryp"..., 4096) = 71
1674  <... write resumed>)              = 3
1675  write(1, "68\nwsvpspd36-0!lrhdf\0300#''d !'6=4"..., 71 <unfinished ...>
1674  write(6, "372475 read(0,  <unfinished ...>"..., 33 <unfinished ...>
1675  <... write resumed>)              = 71
1674  <... write resumed>)              = 33
1675  read(0,  <unfinished ...>
1674  write(6, "45\n", 3 <unfinished ...>
1675  <... read resumed>"33\n372475 read(0,  <unfinished ."..., 4096) = 36
1675  write(1, "33\n\22\26\23\25\26\24\1SD@E\t\21\r\1\1\35TOGHOHRIDE\1\17"..., 36 <unfinished ...>
1674  <... write resumed>)              = 3
1675  <... write resumed>)              = 36
1674  write(6, "372474 <... write resumed>)     "..., 45 <unfinished ...>
1675  read(0,  <unfinished ...>
1674  <... write resumed>)              = 45
1675  <... read resumed>"45\n", 4096)   = 3
1674  write(6, "68\n", 3 <unfinished ...>
1675  read(0,  <unfinished ...>
1674  <... write resumed>)              = 3
1675  <... read resumed>"372474 <... write resumed>)     "..., 4096) = 48
1674  write(6, "372475 <... read resumed>\"\\tgcc "..., 68 <unfinished ...>
1675  write(1, "45\n\36\32\37\31\32\31\r\21\3\3\3\rZ_DYH\r_H^X@HI\23\4\r\r"..., 48 <unfinished ...>
1674  <... write resumed>)              = 68
1675  <... write resumed>)              = 48
1674  write(6, "33\n", 3 <unfinished ...>
1675  read(0,  <unfinished ...>
1674  <... write resumed>)              = 3
1675  <... read resumed>"372475 <... read resumed>\"\\tgcc "..., 4096) = 71
1674  write(6, "372474 read(7,  <unfinished ...>"..., 33 <unfinished ...>
1675  write(1, "68\nwsvpsqdxjjjd6!% d6!71)! zf\0300#"..., 71 <unfinished ...>
1674  <... write resumed>)              = 33
1675  <... write resumed>)              = 71
1674  write(6, "66\n", 3 <unfinished ...>
1675  read(0,  <unfinished ...>
1674  <... write resumed>)              = 3
1675  <... read resumed>"372474 read(7,  <unfinished ...>"..., 4096) = 36
1674  write(6, "372475 write(1, \"26\\n\\23}yy:~\\17"..., 66 <unfinished ...>
1675  write(1, "33\n\22\26\23\25\26\25\1SD@E\t\26\r\1\1\35TOGHOHRIDE\1\17"..., 36 <unfinished ...>
1674  <... write resumed>)              = 66
1675  <... write resumed>)              = 36
1674  read(3,  <unfinished ...>
1675  read(0,  <unfinished ...>
1674  <... read resumed>"finished ...>\n372474 <... read r"..., 1000) = 1000
1675  <... read resumed>"372475 write(1, \"26\\n\\23}yy:~\\17"..., 4096) = 66
1674  write(6, "14\n", 3 <unfinished ...>
1675  write(1, "66\nqupvuwb50+6'jsnb`pt\36,\36pq?;;x<"..., 69 <unfinished ...>
1674  <... write resumed>)              = 3
1675  <... write resumed>)              = 69
1674  write(6, "finished ...>\n", 14 <unfinished ...>
1675  read(0,  <unfinished ...>
1674  <... write resumed>)              = 14
1675  <... read resumed>"14\nfinished ...>\n", 4096) = 17
1674  write(6, "78\n", 3 <unfinished ...>
1675  write(1, "14\nhg`g}fkj.   0\4", 17 <unfinished ...>
1674  <... write resumed>)              = 3
1675  <... write resumed>)              = 17
1674  write(6, "372474 <... read resumed>\"26\\n\\2"..., 78 <unfinished ...>
1675  read(0,  <unfinished ...>
1674  <... write resumed>)              = 78
1675  <... read resumed>"78\n372474 <... read resumed>\"26\\"..., 4096) = 81
1674  write(6, "45\n", 3 <unfinished ...>
1675  write(1, "78\n}y|zyznr```n<+/*n<+=;#+*pl|x\22"..., 81 <unfinished ...>
1674  <... write resumed>)              = 3
1675  <... write resumed>)              = 81
1674  write(6, "372475 <... write resumed>)     "..., 45 <unfinished ...>
1675  read(0,  <unfinished ...>
1674  <... write resumed>)              = 45
1675  <... read resumed>"45\n372475 <... write resumed>)  "..., 4096) = 48
1674  write(6, "80\n", 3 <unfinished ...>
1675  write(1, "45\n\36\32\37\31\32\30\r\21\3\3\3\rZ_DYH\r_H^X@HI\23\4\r\r"..., 48 <unfinished ...>
1674  <... write resumed>)              = 3
1675  <... write resumed>)              = 48
1674  write(6, "372474 write(4, \"26\\n\\23}yy:~\\17"..., 80 <unfinished ...>
1675  read(0,  <unfinished ...>
1674  <... write resumed>)              = 80
1675  <... read resumed>"80\n372474 write(4, \"26\\n\\23}yy:~"..., 4096) = 83
1674  write(6, "33\n", 3 <unfinished ...>
1675  write(1, "80\ncgbdgdp'\"9$5xd|prbf\f>\fbc-))j."..., 83 <unfinished ...>
1674  <... write resumed>)              = 3
1675  <... write resumed>)              = 83
1674  write(6, "372475 read(0,  <unfinished ...>"..., 33 <unfinished ...>
1675  read(0,  <unfinished ...>
1674  <... write resumed>)              = 33
1675  <... read resumed>"33\n372475 read(0,  <unfinished ."..., 4096) = 36
1674  write(6, "45\n", 3 <unfinished ...>
1675  write(1, "33\n\22\26\23\25\26\24\1SD@E\t\21\r\1\1\35TOGHOHRIDE\1\17"..., 36 <unfinished ...>
1674  <... write resumed>)              = 3
1675  <... write resumed>)              = 36
1674  write(6, "372474 <... write resumed>)     "..., 45 <unfinished ...>
1675  read(0,  <unfinished ...>
1674  <... write resumed>)              = 45
1675  <... read resumed>"45\n372474 <... write resumed>)  "..., 4096) = 48
1674  write(6, "44\n", 3 <unfinished ...>
1675  write(1, "45\n\36\32\37\31\32\31\r\21\3\3\3\rZ_DYH\r_H^X@HI\23\4\r\r"..., 48 <unfinished ...>
1674  <... write resumed>)              = 3
1675  <... write resumed>)              = 48
1674  write(6, "372474 write(6, \"1\\n\", 2)       "..., 44 <unfinished ...>
1675  read(0,  <unfinished ...>
1674  <... write resumed>)              = 44
1675  <... read resumed>"44\n372474 write(6, \"1\\n\", 2)    "..., 4096) = 47
1674  write(6, "44\n", 3 <unfinished ...>
1675  write(1, "44\n\37\33\36\30\33\30\f[^EXI\4\32\0\f\16\35pB\16\0\f\36\5\f\f\f\f"..., 47 <unfinished ...>
1674  <... write resumed>)              = 3
1675  <... write resumed>)              = 47
1674  write(6, "372475 <... read resumed>\"1\\n\", "..., 44 <unfinished ...>
1675  read(0,  <unfinished ...>
1674  <... write resumed>)              = 44
1675  <... read resumed>"44\n372475 <... read resumed>\"1\\n"..., 4096) = 47
1674  write(6, "41\n", 3 <unfinished ...>
1675  write(1, "44\n\37\33\36\30\33\31\f\20\2\2\2\f^IMH\f^I_YAIH\22\16\35pB"..., 47 <unfinished ...>
1674  <... write resumed>)              = 3
1675  <... write resumed>)              = 47
1674  write(6, "372474 write(6, \"\\n\", 1 <unfinis"..., 41 <unfinished ...>
1675  read(0,  <unfinished ...>
1674  <... write resumed>)              = 41
1675  <... read resumed>"41\n372474 write(6, \"\\n\", 1 <unfi"..., 4096) = 44
1674  write(6, "33\n", 3 <unfinished ...>
1675  write(1, "41\n\32\36\33\35\36\35\t^[@]L\1\37\5\t\vuG\v\5\t\30\t\25\\GO@"..., 44 <unfinished ...>
1674  <... write resumed>)              = 3
1675  <... write resumed>)              = 44
1674  write(6, "372475 read(0,  <unfinished ...>"..., 33 <unfinished ...>
1675  read(0,  <unfinished ...>
1674  <... write resumed>)              = 33
1675  <... read resumed>"33\n372475 read(0,  <unfinished ."..., 4096) = 36
1674  write(6, "44\n", 3 <unfinished ...>
1675  write(1, "33\n\22\26\23\25\26\24\1SD@E\t\21\r\1\1\35TOGHOHRIDE\1\17"..., 36 <unfinished ...>
1674  <... write resumed>)              = 3
1675  <... write resumed>)              = 36
1674  write(6, "372474 <... write resumed>)     "..., 44 <unfinished ...>
1675  read(0,  <unfinished ...>
1674  <... write resumed>)              = 44
1675  <... read resumed>"44\n372474 <... write resumed>)  "..., 4096) = 47
1674  write(6, "44\n", 3 <unfinished ...>
1675  write(1, "44\n\37\33\36\30\33\30\f\20\2\2\2\f[^EXI\f^I_YAIH\22\5\f\f"..., 47 <unfinished ...>
1674  <... write resumed>)              = 3
1675  <... write resumed>)              = 47
1674  write(6, "372475 <... read resumed>\"\\n\", 4"..., 44 <unfinished ...>
1675  read(0,  <unfinished ...>
1674  <... write resumed>)              = 44
1675  <... read resumed>"44\n372475 <... read resumed>\"\\n\""..., 4096) = 47
1674  write(6, "33\n", 3 <unfinished ...>
1675  write(1, "44\n\37\33\36\30\33\31\f\20\2\2\2\f^IMH\f^I_YAIH\22\16pB\16"..., 47 <unfinished ...>
1674  <... write resumed>)              = 3
1675  <... write resumed>)              = 47
1674  write(6, "372474 read(7,  <unfinished ...>"..., 33 <unfinished ...>
1675  read(0,  <unfinished ...>
1674  <... write resumed>)              = 33
1675  <... read resumed>"33\n372474 read(7,  <unfinished ."..., 4096) = 36
1674  write(6, "44\n", 3 <unfinished ...>
1675  write(1, "33\n\22\26\23\25\26\25\1SD@E\t\26\r\1\1\35TOGHOHRIDE\1\17"..., 36 <unfinished ...>
1674  <... write resumed>)              = 3
1675  <... write resumed>)              = 36
1674  write(6, "372475 write(1, \"1\\n\\v\", 3 <unfi"..., 44 <unfinished ...>
1675  read(0,  <unfinished ...>
1674  <... write resumed>)              = 44
1675  <... read resumed>"44\n372475 write(1, \"1\\n\\v\", 3 <u"..., 4096) = 47
1674  write(6, "44\n", 3 <unfinished ...>
1675  write(1, "44\n\37\33\36\30\33\31\f[^EXI\4\35\0\f\16\35pBpZ\16\0\f\37\f\20Y"..., 47 <unfinished ...>
1674  <... write resumed>)              = 3
1675  <... write resumed>)              = 47
1674  write(6, "372474 <... read resumed>\"1\\n\\v\""..., 44 <unfinished ...>
1675  read(0,  <unfinished ...>
1674  <... write resumed>)              = 44
1675  <... read resumed>"44\n372474 <... read resumed>\"1\\n"..., 4096) = 47
1674  write(6, "44\n", 3 <unfinished ...>
1675  write(1, "44\n\37\33\36\30\33\30\f\20\2\2\2\f^IMH\f^I_YAIH\22\16\35pB"..., 47 <unfinished ...>
1674  <... write resumed>)              = 3
1675  <... write resumed>)              = 47
1674  write(6, "372475 <... write resumed>)     "..., 44 <unfinished ...>
1675  read(0,  <unfinished ...>
1674  <... write resumed>)              = 44
1675  <... read resumed>"44\n372475 <... write resumed>)  "..., 4096) = 47
1674  write(6, "44\n", 3 <unfinished ...>
1675  write(1, "44\n\37\33\36\30\33\31\f\20\2\2\2\f[^EXI\f^I_YAIH\22\5\f\f"..., 47 <unfinished ...>
1674  <... write resumed>)              = 3
1675  <... write resumed>)              = 47
1674  write(6, "372474 write(4, \"1\\n\\v\", 3 <unfi"..., 44 <unfinished ...>
1675  read(0,  <unfinished ...>
1674  <... write resumed>)              = 44
1675  <... read resumed>"44\n372474 write(4, \"1\\n\\v\", 3 <u"..., 4096) = 47
1674  write(6, "33\n", 3 <unfinished ...>
1675  write(1, "44\n\37\33\36\30\33\30\f[^EXI\4\30\0\f\16\35pBpZ\16\0\f\37\f\20Y"..., 47 <unfinished ...>
1674  <... write resumed>)              = 3
1675  <... write resumed>)              = 47
1674  write(6, "372475 read(0,  <unfinished ...>"..., 33 <unfinished ...>
1675  read(0,  <unfinished ...>
1674  <... write resumed>)              = 33
1675  <... read resumed>"33\n372475 read(0,  <unfinished ."..., 4096) = 36
1674  write(6, "44\n", 3 <unfinished ...>
1675  write(1, "33\n\22\26\23\25\26\24\1SD@E\t\21\r\1\1\35TOGHOHRIDE\1\17"..., 36 <unfinished ...>
1674  <... write resumed>)              = 3
1675  <... write resumed>)              = 36
1674  write(6, "372474 <... write resumed>)     "..., 44 <unfinished ...>
1675  read(0,  <unfinished ...>
1674  <... write resumed>)              = 44
1675  <... read resumed>"44\n372474 <... write resumed>)  "..., 4096) = 47
1674  write(6, "46\n", 3 <unfinished ...>
1675  write(1, "44\n\37\33\36\30\33\30\f\20\2\2\2\f[^EXI\f^I_YAIH\22\5\f\f"..., 47 <unfinished ...>
1674  <... write resumed>)              = 3
1675  <... write resumed>)              = 47
1674  write(6, "372474 lseek(3, 119, SEEK_SET)  "..., 46 <unfinished ...>
1675  read(0,  <unfinished ...>
1674  <... write resumed>)              = 46
1675  <... read resumed>"46\n372474 lseek(3, 119, SEEK_SET"..., 4096) = 49
1674  write(6, "66\n", 3 <unfinished ...>
1675  write(1, "46\n\35\31\34\32\31\32\16B]KKE\6\35\2\16\37\37\27\2\16}kkeq}kz"..., 49 <unfinished ...>
1674  <... write resumed>)              = 3
1675  <... write resumed>)              = 49
1674  write(6, "372474 read(3, \"encdrv:encdrv.c\\"..., 66 <unfinished ...>
1675  read(0,  <unfinished ...>
1674  <... write resumed>)              = 66
1675  <... read resumed>"66\n372474 read(3, \"encdrv:encdrv"..., 4096) = 69
1674  write(6, "44\n", 3 <unfinished ...>
1675  write(1, "66\nqupvuvb0'#&jqnb`',!&04x',!&04"..., 69 <unfinished ...>
1674  <... write resumed>)              = 3
1675  <... write resumed>)              = 69
1674  write(6, "372474 write(6, \"16\\n\", 3)      "..., 44 <unfinished ...>
1675  read(0,  <unfinished ...>
1674  <... write resumed>)              = 44
1675  <... read resumed>"44\n372474 write(6, \"16\\n\", 3)   "..., 4096) = 47
1674  write(6, "13\n", 3 <unfinished ...>
1675  write(1, "44\n\37\33\36\30\33\30\f[^EXI\4\32\0\f\16\35\32pB\16\0\f\37\5\f\f\f"..., 47 <unfinished ...>
1674  <... write resumed>)              = 3
1675  <... write resumed>)              = 47
1674  write(6, "372475 <... r", 13 <unfinished ...>
1675  read(0,  <unfinished ...>
1674  <... write resumed>)              = 13
1675  <... read resumed>"13\n372475 <... r", 4096) = 16
1674  read(3,  <unfinished ...>
1675  write(1, "13\n>:?9:8-1###-\177", 16 <unfinished ...>
1674  <... read resumed>"ead resumed>\"16\\n\", 4096)  = 3\n3"..., 1000) = 1000
1675  <... write resumed>)              = 16
1674  write(6, "31\n", 3 <unfinished ...>
1675  read(0,  <unfinished ...>
1674  <... write resumed>)              = 3
1675  <... read resumed>"31\n", 4096)   = 3
1674  write(6, "ead resumed>\"16\\n\", 4096)  = 3\n", 31 <unfinished ...>
1675  read(0,  <unfinished ...>
1674  <... write resumed>)              = 31
1675  <... read resumed>"ead resumed>\"16\\n\", 4096)  = 3\n", 4096) = 31
1674  write(6, "57\n", 3 <unfinished ...>
1675  write(1, "31\nz~{?mzljrz{!=.)Cq=3?+/&)6??\"?"..., 34 <unfinished ...>
1674  <... write resumed>)              = 3
1675  <... write resumed>)              = 34
1674  write(6, "372474 write(6, \"encdrv:encdrv.c"..., 57 <unfinished ...>
1675  read(0,  <unfinished ...>
1674  <... write resumed>)              = 57
1675  <... read resumed>"57\n372474 write(6, \"encdrv:encdr"..., 4096) = 60
1674  write(6, "33\n", 3 <unfinished ...>
1675  write(1, "57\n\n\16\v\r\16\r\31NKPM\\\21\17\25\31\33\\WZ]KO\3\\WZ]K"..., 60 <unfinished ...>
1674  <... write resumed>)              = 3
1675  <... write resumed>)              = 60
1674  write(6, "372475 read(0,  <unfinished ...>"..., 33 <unfinished ...>
1675  read(0,  <unfinished ...>
1674  <... write resumed>)              = 33
1675  <... read resumed>"33\n372475 read(0,  <unfinished ."..., 4096) = 36
1674  write(6, "45\n", 3 <unfinished ...>
1675  write(1, "33\n\22\26\23\25\26\24\1SD@E\t\21\r\1\1\35TOGHOHRIDE\1\17"..., 36 <unfinished ...>
1674  <... write resumed>)              = 3
1675  <... write resumed>)              = 36
1674  write(6, "372474 <... write resumed>)     "..., 45 <unfinished ...>
1675  read(0,  <unfinished ...>
1674  <... write resumed>)              = 45
1675  <... read resumed>"45\n372474 <... write resumed>)  "..., 4096) = 48
1674  write(6, "57\n", 3 <unfinished ...>
1675  write(1, "45\n\36\32\37\31\32\31\r\21\3\3\3\rZ_DYH\r_H^X@HI\23\4\r\r"..., 48 <unfinished ...>
1674  <... write resumed>)              = 3
1675  <... write resumed>)              = 48
1674  write(6, "372475 <... read resumed>\"encdrv"..., 57 <unfinished ...>
1675  read(0,  <unfinished ...>
1674  <... write resumed>)              = 57
1675  <... read resumed>"57\n372475 <... read resumed>\"enc"..., 4096) = 60
1674  write(6, "33\n", 3 <unfinished ...>
1675  write(1, "57\n\n\16\v\r\16\f\31\5\27\27\27\31K\\X]\31K\\JLT\\]\7\33\\WZ"..., 60 <unfinished ...>
1674  <... write resumed>)              = 3
1675  <... write resumed>)              = 60
1674  write(6, "372474 read(7,  <unfinished ...>"..., 33 <unfinished ...>
1675  read(0,  <unfinished ...>
1674  <... write resumed>)              = 33
1675  <... read resumed>"33\n372474 read(7,  <unfinished ."..., 4096) = 36
1674  write(6, "62\n", 3 <unfinished ...>
1675  write(1, "33\n\22\26\23\25\26\25\1SD@E\t\26\r\1\1\35TOGHOHRIDE\1\17"..., 36 <unfinished ...>
1674  <... write resumed>)              = 3
1675  <... write resumed>)              = 36
1674  write(6, "372475 write(1, \"16\\nu~stbf*u~st"..., 62 <unfinished ...>
1675  read(0,  <unfinished ...>
1674  <... write resumed>)              = 62
1675  <... read resumed>"62\n372475 write(1, \"16\\nu~stbf*u"..., 4096) = 65
1674  write(6, "60\n", 3 <unfinished ...>
1675  write(1, "62\n\r\t\f\n\t\v\36ILWJ[\26\17\22\36\34\17\10bPK@MJ\\X\24K"..., 65 <unfinished ...>
1674  <... write resumed>)              = 3
1675  <... write resumed>)              = 65
1674  write(6, "372474 <... read resumed>\"16\\nu~"..., 60 <unfinished ...>
1675  read(0,  <unfinished ...>
1674  <... write resumed>)              = 60
1675  <... read resumed>"60\n372474 <... read resumed>\"16\\"..., 4096) = 63
1674  write(6, "45\n", 3 <unfinished ...>
1675  write(1, "60\n\17\v\16\10\v\10\34\0\22\22\22\34NY]X\34NYOIQYX\2\36\r\n`"..., 63 <unfinished ...>
1674  <... write resumed>)              = 3
1675  <... write resumed>)              = 63
1674  write(6, "372475 <... write resumed>)     "..., 45 <unfinished ...>
1675  read(0,  <unfinished ...>
1674  <... write resumed>)              = 45
1675  <... read resumed>"45\n372475 <... write resumed>)  "..., 4096) = 48
1674  write(6, "62\n", 3 <unfinished ...>
1675  write(1, "45\n\36\32\37\31\32\30\r\21\3\3\3\rZ_DYH\r_H^X@HI\23\4\r\r"..., 48 <unfinished ...>
1674  <... write resumed>)              = 3
1675  <... write resumed>)              = 48
1674  write(6, "372474 write(4, \"16\\nu~stbf*u~st"..., 62 <unfinished ...>
1675  read(0,  <unfinished ...>
1674  <... write resumed>)              = 62
1675  <... read resumed>"62\n372474 write(4, \"16\\nu~stbf*u"..., 4096) = 65
1674  write(6, "33\n", 3 <unfinished ...>
1675  write(1, "62\n\r\t\f\n\t\n\36ILWJ[\26\n\22\36\34\17\10bPK@MJ\\X\24K"..., 65 <unfinished ...>
1674  <... write resumed>)              = 3
1675  <... write resumed>)              = 65
1674  write(6, "372475 read(0,  <unfinished ...>"..., 33 <unfinished ...>
1675  read(0,  <unfinished ...>
1674  <... write resumed>)              = 33
1675  <... read resumed>"33\n372475 read(0,  <unfinished ."..., 4096) = 36
1674  write(6, "45\n", 3 <unfinished ...>
1675  write(1, "33\n\22\26\23\25\26\24\1SD@E\t\21\r\1\1\35TOGHOHRIDE\1\17"..., 36 <unfinished ...>
1674  <... write resumed>)              = 3
1675  <... write resumed>)              = 36
1674  write(6, "372474 <... write resumed>)     "..., 45 <unfinished ...>
1675  read(0,  <unfinished ...>
1674  <... write resumed>)              = 45
1675  <... read resumed>"45\n372474 <... write resumed>)  "..., 4096) = 48
1674  write(6, "44\n", 3 <unfinished ...>
1675  write(1, "45\n\36\32\37\31\32\31\r\21\3\3\3\rZ_DYH\r_H^X@HI\23\4\r\r"..., 48 <unfinished ...>
1674  <... write resumed>)              = 3
1675  <... write resumed>)              = 48
1674  write(6, "372474 write(6, \"24\\n\", 3)      "..., 44 <unfinished ...>
1675  read(0,  <unfinished ...>
1674  <... write resumed>)              = 44
1675  <... read resumed>"44\n372474 write(6, \"24\\n\", 3)   "..., 4096) = 47
1674  write(6, "44\n", 3 <unfinished ...>
1675  write(1, "44\n\37\33\36\30\33\30\f[^EXI\4\32\0\f\16\36\30pB\16\0\f\37\5\f\f\f"..., 47 <unfinished ...>
1674  <... write resumed>)              = 3
1675  <... write resumed>)              = 47
1674  write(6, "372475 <... read resumed>\"24\\n\","..., 44 <unfinished ...>
1675  read(0,  <unfinished ...>
1674  <... write resumed>)              = 44
1675  <... read resumed>"44\n372475 <... read resumed>\"24\\"..., 4096) = 47
1674  write(6, "66\n", 3 <unfinished ...>
1675  write(1, "44\n\37\33\36\30\33\31\f\20\2\2\2\f^IMH\f^I_YAIH\22\16\36\30p"..., 47 <unfinished ...>
1674  <... write resumed>)              = 3
1675  <... write resumed>)              = 47
1674  write(6, "372474 write(6, \"\\tgcc encdrv.c "..., 66 <unfinished ...>
1675  read(0,  <unfinished ...>
1674  <... write resumed>)              = 66
1675  <... read resumed>"66\n372474 write(6, \"\\tgcc encdrv"..., 4096) = 69
1674  write(6, "33\n", 3 <unfinished ...>
1675  write(1, "66\nqupvuvb50+6'jtnb`\0366%!!b',!&04"..., 69 <unfinished ...>
1674  <... write resumed>)              = 3
1675  <... write resumed>)              = 69
1674  write(6, "372475 read(0,  <unfinished ...>"..., 33 <unfinished ...>
1675  read(0,  <unfinished ...>
1674  <... write resumed>)              = 33
1675  <... read resumed>"33\n372475 read(0,  <unfinished ."..., 4096) = 36
1674  write(6, "45\n", 3 <unfinished ...>
1675  write(1, "33\n\22\26\23\25\26\24\1SD@E\t\21\r\1\1\35TOGHOHRIDE\1\17"..., 36 <unfinished ...>
1674  <... write resumed>)              = 3
1675  <... write resumed>)              = 36
1674  write(6, "372474 <... write resumed>)     "..., 45 <unfinished ...>
1675  read(0,  <unfinished ...>
1674  <... write resumed>)              = 45
1675  <... read resumed>"45\n372474 <... write resumed>)  "..., 4096) = 48
1674  write(6, "66\n", 3 <unfinished ...>
1675  write(1, "45\n\36\32\37\31\32\31\r\21\3\3\3\rZ_DYH\r_H^X@HI\23\4\r\r"..., 48 <unfinished ...>
1674  <... write resumed>)              = 3
1675  <... write resumed>)              = 48
1674  write(6, "372475 <... read resumed>\"\\tgcc "..., 66 <unfinished ...>
1675  read(0,  <unfinished ...>
1674  <... write resumed>)              = 66
1675  <... read resumed>"66\n372475 <... read resumed>\"\\tg"..., 4096) = 69
1674  write(6, "33\n", 3 <unfinished ...>
1675  write(1, "66\nqupvuwb~lllb0'#&b0'17/'&|`\0366%"..., 69 <unfinished ...>
1674  <... write resumed>)              = 3
1675  <... write resumed>)              = 69
1674  write(6, "372474 read(7,  <unfinished ...>"..., 33 <unfinished ...>
1675  read(0,  <unfinished ...>
1674  <... write resumed>)              = 33
1675  <... read resumed>"33\n372474 read(7,  <unfinished ."..., 4096) = 36
1674  write(6, "75\n", 3 <unfinished ...>
1675  write(1, "33\n\22\26\23\25\26\25\1SD@E\t\26\r\1\1\35TOGHOHRIDE\1\17"..., 36 <unfinished ...>
1674  <... write resumed>)              = 3
1675  <... write resumed>)              = 36
1674  write(6, "372475 write(1, \"24\\n\\21\\177{{8}"..., 75 <unfinished ...>
1675  read(0,  <unfinished ...>
1674  <... write resumed>)              = 75
1675  <... read resumed>"75\n372475 write(1, \"24\\n\\21\\177{"..., 4096) = 78
1674  write(6, "31\n", 3 <unfinished ...>
1675  write(1, "75\nx|y\177|~k<9\"?.czgkiy\177\27%\27yz\27z||0"..., 78 <unfinished ...>
1674  <... write resumed>)              = 3
1675  <... write resumed>)              = 78
1674  write(6, "372474 <... read resumed>\"24\\n\\", 31 <unfinished ...>
1675  read(0,  <unfinished ...>
1674  <... write resumed>)              = 31
1675  <... read resumed>"31\n372474 <... read resumed>\"24\\"..., 4096) = 34
1674  read(3,  <unfinished ...>
1675  write(1, "31\n,(-+(+?#111?mz~{?mzljrz{!=-+C"..., 34 <unfinished ...>
1674  <... read resumed>"21\\177{{8}v{|jn6{85w8}v{|jn\\22\","..., 1000) = 1000
1675  <... write resumed>)              = 34
1674  write(6, "42\n", 3 <unfinished ...>
1675  read(0,  <unfinished ...>
1674  <... write resumed>)              = 3
1675  <... read resumed>"42\n", 4096)   = 3
1674  write(6, "21\\177{{8}v{|jn6{85w8}v{|jn\\22\","..., 42 <unfinished ...>
1675  read(0,  <unfinished ...>
1674  <... write resumed>)              = 42
1675  <... read resumed>"21\\177{{8}v{|jn6{85w8}v{|jn\\22\","..., 4096) = 42
1674  write(6, "45\n", 3 <unfinished ...>
1675  write(1, "42\n\30\33v\33\35\35QQ\22W\\QV@D\34Q\22\37]\22W\\QV@Dv\30"..., 45 <unfinished ...>
1674  <... write resumed>)              = 3
1675  <... write resumed>)              = 45
1674  write(6, "372475 <... write resumed>)     "..., 45 <unfinished ...>
1675  read(0,  <unfinished ...>
1674  <... write resumed>)              = 45
1675  <... read resumed>"45\n372475 <... write resumed>)  "..., 4096) = 48
1674  write(6, "75\n", 3 <unfinished ...>
1675  write(1, "45\n\36\32\37\31\32\30\r\21\3\3\3\rZ_DYH\r_H^X@HI\23\4\r\r"..., 48 <unfinished ...>
1674  <... write resumed>)              = 3
1675  <... write resumed>)              = 48
1674  write(6, "372474 write(4, \"24\\n\\21\\177{{8}"..., 75 <unfinished ...>
1675  read(0,  <unfinished ...>
1674  <... write resumed>)              = 75
1675  <... read resumed>"75\n372474 write(4, \"24\\n\\21\\177{"..., 4096) = 78
1674  write(6, "33\n", 3 <unfinished ...>
1675  write(1, "75\nx|y\177|\177k<9\"?.c\177gkiy\177\27%\27yz\27z||0"..., 78 <unfinished ...>
1674  <... write resumed>)              = 3
1675  <... write resumed>)              = 78
1674  write(6, "372475 read(0,  <unfinished ...>"..., 33 <unfinished ...>
1675  read(0,  <unfinished ...>
1674  <... write resumed>)              = 33
1675  <... read resumed>"33\n372475 read(0,  <unfinished ."..., 4096) = 36
1674  write(6, "45\n", 3 <unfinished ...>
1675  write(1, "33\n\22\26\23\25\26\24\1SD@E\t\21\r\1\1\35TOGHOHRIDE\1\17"..., 36 <unfinished ...>
1674  <... write resumed>)              = 3
1675  <... write resumed>)              = 36
1674  write(6, "372474 <... write resumed>)     "..., 45 <unfinished ...>
1675  read(0,  <unfinished ...>
1674  <... write resumed>)              = 45
1675  <... read resumed>"45\n372474 <... write resumed>)  "..., 4096) = 48
1674  write(6, "44\n", 3 <unfinished ...>
1675  write(1, "45\n\36\32\37\31\32\31\r\21\3\3\3\rZ_DYH\r_H^X@HI\23\4\r\r"..., 48 <unfinished ...>
1674  <... write resumed>)              = 3
1675  <... write resumed>)              = 48
1674  write(6, "372474 write(6, \"7\\n\", 2)       "..., 44 <unfinished ...>
1675  read(0,  <unfinished ...>
1674  <... write resumed>)              = 44
1675  <... read resumed>"44\n372474 write(6, \"7\\n\", 2)    "..., 4096) = 47
1674  write(6, "44\n", 3 <unfinished ...>
1675  write(1, "44\n\37\33\36\30\33\30\f[^EXI\4\32\0\f\16\33pB\16\0\f\36\5\f\f\f\f"..., 47 <unfinished ...>
1674  <... write resumed>)              = 3
1675  <... write resumed>)              = 47
1674  write(6, "372475 <... read resumed>\"7\\n\", "..., 44 <unfinished ...>
1675  read(0,  <unfinished ...>
1674  <... write resumed>)              = 44
1675  <... read resumed>"44\n372475 <... read resumed>\"7\\n"..., 4096) = 47
1674  write(6, "47\n", 3 <unfinished ...>
1675  write(1, "44\n\37\33\36\30\33\31\f\20\2\2\2\f^IMH\f^I_YAIH\22\16\33pB"..., 47 <unfinished ...>
1674  <... write resumed>)              = 3
1675  <... write resumed>)              = 47
1674  write(6, "372474 write(6, \"clean:\\n\", 7 <u"..., 47 <unfinished ...>
1675  read(0,  <unfinished ...>
1674  <... write resumed>)              = 47
1675  <... read resumed>"47\n372474 write(6, \"clean:\\n\", 7"..., 4096) = 50
1674  write(6, "33\n", 3 <unfinished ...>
1675  write(1, "47\n\34\30\35\33\30\33\17X]F[J\7\31\3\17\rLCJNA\25sA\r\3\17\30"..., 50 <unfinished ...>
1674  <... write resumed>)              = 3
1675  <... write resumed>)              = 50
1674  write(6, "372475 read(0,  <unfinished ...>"..., 33 <unfinished ...>
1675  read(0,  <unfinished ...>
1674  <... write resumed>)              = 33
1675  <... read resumed>"33\n372475 read(0,  <unfinished ."..., 4096) = 36
1674  write(6, "44\n", 3 <unfinished ...>
1675  write(1, "33\n\22\26\23\25\26\24\1SD@E\t\21\r\1\1\35TOGHOHRIDE\1\17"..., 36 <unfinished ...>
1674  <... write resumed>)              = 3
1675  <... write resumed>)              = 36
1674  write(6, "372474 <... write resumed>)     "..., 44 <unfinished ...>
1675  read(0,  <unfinished ...>
1674  <... write resumed>)              = 44
1675  <... read resumed>"44\n372474 <... write resumed>)  "..., 4096) = 47
1674  write(6, "47\n", 3 <unfinished ...>
1675  write(1, "44\n\37\33\36\30\33\30\f\20\2\2\2\f[^EXI\f^I_YAIH\22\5\f\f"..., 47 <unfinished ...>
1674  <... write resumed>)              = 3
1675  <... write resumed>)              = 47
1674  write(6, "372475 <... read resumed>\"clean:"..., 47 <unfinished ...>
1675  read(0,  <unfinished ...>
1674  <... write resumed>)              = 47
1675  <... read resumed>"47\n372475 <... read resumed>\"cle"..., 4096) = 50
1674  write(6, "33\n", 3 <unfinished ...>
1675  write(1, "47\n\34\30\35\33\30\32\17\23\1\1\1\17]JNK\17]J\\ZBJK\21\rLCJ"..., 50 <unfinished ...>
1674  <... write resumed>)              = 3
1675  <... write resumed>)              = 50
1674  write(6, "372474 read(7,  <unfinished ...>"..., 33 <unfinished ...>
1675  read(0,  <unfinished ...>
1674  <... write resumed>)              = 33
1675  <... read resumed>"33\n372474 read(7,  <unfinished ."..., 4096) = 36
1674  write(6, "50\n", 3 <unfinished ...>
1675  write(1, "33\n\22\26\23\25\26\25\1SD@E\t\26\r\1\1\35TOGHOHRIDE\1\17"..., 36 <unfinished ...>
1674  <... write resumed>)              = 3
1675  <... write resumed>)              = 36
1674  write(6, "372475 write(1, \"7\\ndkbfi=\\r\", 9"..., 50 <unfinished ...>
1675  read(0,  <unfinished ...>
1674  <... write resumed>)              = 50
1675  <... read resumed>"50\n372475 write(1, \"7\\ndkbfi=\\r\""..., 4096) = 53
1674  write(6, "47\n", 3 <unfinished ...>
1675  write(1, "50\n\1\5\0\6\5\7\22E@[FW\32\3\36\22\20\5n\\VYPT[\17n@\20"..., 53 <unfinished ...>
1674  <... write resumed>)              = 3
1675  <... write resumed>)              = 53
1674  write(6, "372474 <... read resumed>\"7\\ndkb"..., 47 <unfinished ...>
1675  read(0,  <unfinished ...>
1674  <... write resumed>)              = 47
1675  <... read resumed>"47\n372474 <... read resumed>\"7\\n"..., 4096) = 50
1674  write(6, "44\n", 3 <unfinished ...>
1675  write(1, "47\n\34\30\35\33\30\33\17\23\1\1\1\17]JNK\17]J\\ZBJK\21\r\30sA"..., 50 <unfinished ...>
1674  <... write resumed>)              = 3
1675  <... write resumed>)              = 50
1674  write(6, "372475 <... write resumed>)     "..., 44 <unfinished ...>
1675  read(0,  <unfinished ...>
1674  <... write resumed>)              = 44
1675  <... read resumed>"44\n372475 <... write resumed>)  "..., 4096) = 47
1674  write(6, "50\n", 3 <unfinished ...>
1675  write(1, "44\n\37\33\36\30\33\31\f\20\2\2\2\f[^EXI\f^I_YAIH\22\5\f\f"..., 47 <unfinished ...>
1674  <... write resumed>)              = 3
1675  <... write resumed>)              = 47
1674  write(6, "372474 write(4, \"7\\ndkbfi=\\r\", 9"..., 50 <unfinished ...>
1675  read(0,  <unfinished ...>
1674  <... write resumed>)              = 50
1675  <... read resumed>"50\n372474 write(4, \"7\\ndkbfi=\\r\""..., 4096) = 53
1674  write(6, "33\n", 3 <unfinished ...>
1675  write(1, "50\n\1\5\0\6\5\6\22E@[FW\32\6\36\22\20\5n\\VYPT[\17n@\20"..., 53 <unfinished ...>
1674  <... write resumed>)              = 3
1675  <... write resumed>)              = 53
1674  write(6, "372475 read(0,  <unfinished ...>"..., 33 <unfinished ...>
1675  read(0,  <unfinished ...>
1674  <... write resumed>)              = 33
1675  <... read resumed>"33\n372475 read(0,  <unfinished ."..., 4096) = 36
1674  write(6, "44\n", 3 <unfinished ...>
1675  write(1, "33\n\22\26\23\25\26\24\1SD@E\t\21\r\1\1\35TOGHOHRIDE\1\17"..., 36 <unfinished ...>
1674  <... write resumed>)              = 3
1675  <... write resumed>)              = 36
1674  write(6, "372474 <... write resumed>)     "..., 44 <unfinished ...>
1675  read(0,  <unfinished ...>
1674  <... write resumed>)              = 44
1675  <... read resumed>"44\n372474 <... write resumed>)  "..., 4096) = 47
1674  write(6, "44\n", 3 <unfinished ...>
1675  write(1, "44\n\37\33\36\30\33\30\f\20\2\2\2\f[^EXI\f^I_YAIH\22\5\f\f"..., 47 <unfinished ...>
1674  <... write resumed>)              = 3
1675  <... write resumed>)              = 47
1674  write(6, "372474 write(6, \"30\\n\", 3)      "..., 44 <unfinished ...>
1675  read(0,  <unfinished ...>
1674  <... write resumed>)              = 44
1675  <... read resumed>"44\n372474 write(6, \"30\\n\", 3)   "..., 4096) = 47
1674  write(6, "44\n", 3 <unfinished ...>
1675  write(1, "44\n\37\33\36\30\33\30\f[^EXI\4\32\0\f\16\37\34pB\16\0\f\37\5\f\f\f"..., 47 <unfinished ...>
1674  <... write resumed>)              = 3
1675  <... write resumed>)              = 47
1674  write(6, "372475 <... read resumed>\"30\\n\","..., 44 <unfinished ...>
1675  read(0,  <unfinished ...>
1674  <... write resumed>)              = 44
1675  <... read resumed>"44\n372475 <... read resumed>\"30\\"..., 4096) = 47
1674  write(6, "72\n", 3 <unfinished ...>
1675  write(1, "44\n\37\33\36\30\33\31\f\20\2\2\2\f^IMH\f^I_YAIH\22\16\37\34p"..., 47 <unfinished ...>
1674  <... write resumed>)              = 3
1675  <... write resumed>)              = 47
1674  write(6, "372474 write(6, \"\\trm -f encdrv "..., 72 <unfinished ...>
1675  read(0,  <unfinished ...>
1674  <... write resumed>)              = 72
1675  <... read resumed>"72\n372474 write(6, \"\\trm -f encd"..., 4096) = 75
1674  write(6, "33\n", 3 <unfinished ...>
1675  write(1, "72\n{\177z|\177|h?:!<-`~dhj\24<:%he.h-&+,"..., 75 <unfinished ...>
1674  <... write resumed>)              = 3
1675  <... write resumed>)              = 75
1674  write(6, "372475 read(0,  <unfinished ...>"..., 33 <unfinished ...>
1675  read(0,  <unfinished ...>
1674  <... write resumed>)              = 33
1675  <... read resumed>"33\n372475 read(0,  <unfinished ."..., 4096) = 36
1674  write(6, "7\n", 2 <unfinished ...>
1675  write(1, "33\n\22\26\23\25\26\24\1SD@E\t\21\r\1\1\35TOGHOHRIDE\1\17"..., 36 <unfinished ...>
1674  <... write resumed>)              = 2
1675  <... write resumed>)              = 36
1674  write(6, "372474 ", 7 <unfinished ...>
1675  read(0,  <unfinished ...>
1674  <... write resumed>)              = 7
1675  <... read resumed>"7\n372474 ", 4096) = 9
1674  read(3,  <unfinished ...>
1675  write(1, "7\n405303'", 9 <unfinished ...>
1674  <... read resumed>"<... write resumed>)            "..., 1000) = 764
1675  <... write resumed>)              = 9
1674  write(6, "38\n", 3 <unfinished ...>
1675  read(0,  <unfinished ...>
1674  <... write resumed>)              = 3
1675  <... read resumed>"38\n", 4096)   = 3
1674  write(6, "<... write resumed>)            "..., 38 <unfinished ...>
1675  read(0,  <unfinished ...>
1674  <... write resumed>)              = 38
1675  <... read resumed>"<... write resumed>)            "..., 4096) = 38
1674  write(6, "72\n", 3 <unfinished ...>
1675  write(1, "38\n\32\10\10\10\6QTORC\6TCUSKCB\30\17\6\6\6\6\6\6\6\6\6"..., 41 <unfinished ...>
1674  <... write resumed>)              = 3
1675  <... write resumed>)              = 41
1674  write(6, "372475 <... read resumed>\"\\trm -"..., 72 <unfinished ...>
1675  read(0,  <unfinished ...>
1674  <... write resumed>)              = 72
1675  <... read resumed>"72\n372475 <... read resumed>\"\\tr"..., 4096) = 75
1674  write(6, "78\n", 3 <unfinished ...>
1675  write(1, "72\n{\177z|\177}htfffh:-),h:-;=%-,vj\24<:"..., 75 <unfinished ...>
1674  <... write resumed>)              = 3
1675  <... write resumed>)              = 75
1674  write(6, "372475 write(1, \"30\\n\\27ls>3x>{p"..., 78 <unfinished ...>
1675  read(0,  <unfinished ...>
1674  <... write resumed>)              = 78
1675  <... read resumed>"78\n372475 write(1, \"30\\n\\27ls>3x"..., 4096) = 81
1674  write(6, "33\n", 3 <unfinished ...>
1675  write(1, "78\n}y|zy{n9<':+f\177bnl}~\22 \22|y\"=p}6"..., 81 <unfinished ...>
1674  <... write resumed>)              = 3
1675  <... write resumed>)              = 81
1674  write(6, "372474 read(7,  <unfinished ...>"..., 33 <unfinished ...>
1675  read(0,  <unfinished ...>
1674  <... write resumed>)              = 33
1675  <... read resumed>"33\n372474 read(7,  <unfinished ."..., 4096) = 36
1674  write(6, "45\n", 3 <unfinished ...>
1675  write(1, "33\n\22\26\23\25\26\25\1SD@E\t\26\r\1\1\35TOGHOHRIDE\1\17"..., 36 <unfinished ...>
1674  <... write resumed>)              = 3
1675  <... write resumed>)              = 36
1674  write(6, "372475 <... write resumed>)     "..., 45 <unfinished ...>
1675  read(0,  <unfinished ...>
1674  <... write resumed>)              = 45
1675  <... read resumed>"45\n372475 <... write resumed>)  "..., 4096) = 48
1674  write(6, "76\n", 3 <unfinished ...>
1675  write(1, "45\n\36\32\37\31\32\30\r\21\3\3\3\rZ_DYH\r_H^X@HI\23\4\r\r"..., 48 <unfinished ...>
1674  <... write resumed>)              = 3
1675  <... write resumed>)              = 48
1674  write(6, "372474 <... read resumed>\"30\\n\\2"..., 76 <unfinished ...>
1675  read(0,  <unfinished ...>
1674  <... write resumed>)              = 76
1675  <... read resumed>"76\n372474 <... read resumed>\"30\\"..., 4096) = 79
1674  write(6, "33\n", 3 <unfinished ...>
1675  write(1, "76\n\177{~x{xlpbbbl>)-(l>)?9!)(rn\177|\20"..., 79 <unfinished ...>
1674  <... write resumed>)              = 3
1675  <... write resumed>)              = 79
1674  write(6, "372475 read(0,  <unfinished ...>"..., 33 <unfinished ...>
1675  read(0,  <unfinished ...>
1674  <... write resumed>)              = 33
1675  <... read resumed>"33\n372475 read(0,  <unfinished ."..., 4096) = 36
1674  write(6, "67\n", 3 <unfinished ...>
1675  write(1, "33\n\22\26\23\25\26\24\1SD@E\t\21\r\1\1\35TOGHOHRIDE\1\17"..., 36 <unfinished ...>
1674  <... write resumed>)              = 3
1675  <... write resumed>)              = 36
1674  write(6, "372474 write(4, \"30\\n\\27ls>3x>{p"..., 67 <unfinished ...>
1675  read(0,  <unfinished ...>
1674  <... write resumed>)              = 67
1675  <... read resumed>"67\n372474 write(4, \"30\\n\\27ls>3x"..., 4096) = 70
1674  write(6, "44\n", 3 <unfinished ...>
1675  write(1, "67\nptqwtwc41*7&kwocaps\37-\37qt/0}p;"..., 70 <unfinished ...>
1674  <... write resumed>)              = 3
1675  <... write resumed>)              = 70
1674  write(6, "372474 read(3, \"\", 128)         "..., 44 <unfinished ...>
1675  read(0,  <unfinished ...>
1674  <... write resumed>)              = 44
1675  <... read resumed>"44\n372474 read(3, \"\", 128)      "..., 4096) = 47
1674  write(6, "44\n", 3 <unfinished ...>
1675  write(1, "44\n\37\33\36\30\33\30\f^IMH\4\37\0\f\16\16\0\f\35\36\24\5\f\f\f\f\f\f"..., 47 <unfinished ...>
1674  <... write resumed>)              = 3
1675  <... write resumed>)              = 47
1674  write(6, "372474 close(6)                 "..., 44 <unfinished ...>
1675  read(0,  <unfinished ...>
1674  <... write resumed>)              = 44
1675  <... read resumed>"44\n372474 close(6)              "..., 4096) = 47
1674  write(6, "44\n", 3 <unfinished ...>
1675  write(1, "44\n\37\33\36\30\33\30\fO@C_I\4\32\5\f\f\f\f\f\f\f\f\f\f\f\f\f\f"..., 47 <unfinished ...>
1674  <... write resumed>)              = 3
1675  <... write resumed>)              = 47
1674  write(6, "372475 <... read resumed>\"\", 409"..., 44 <unfinished ...>
1675  read(0,  <unfinished ...>
1674  <... write resumed>)              = 44
1675  <... read resumed>"44\n372475 <... read resumed>\"\", "..., 4096) = 47
1674  write(6, "44\n", 3 <unfinished ...>
1675  write(1, "44\n\37\33\36\30\33\31\f\20\2\2\2\f^IMH\f^I_YAIH\22\16\16\0\f"..., 47 <unfinished ...>
1674  <... write resumed>)              = 3
1675  <... write resumed>)              = 47
1674  write(6, "372474 close(7)                 "..., 44 <unfinished ...>
1675  read(0,  <unfinished ...>
1674  <... write resumed>)              = 44
1675  <... read resumed>"44\n372474 close(7)              "..., 4096) = 47
1674  write(6, "44\n", 3 <unfinished ...>
1675  write(1, "44\n\37\33\36\30\33\30\fO@C_I\4\33\5\f\f\f\f\f\f\f\f\f\f\f\f\f\f"..., 47 <unfinished ...>
1674  <... write resumed>)              = 3
1675  <... write resumed>)              = 47
1674  write(6, "372475 exit_group(0)            "..., 44 <unfinished ...>
1675  read(0,  <unfinished ...>
1674  <... write resumed>)              = 44
1675  <... read resumed>"44\n372475 exit_group(0)         "..., 4096) = 47
1674  write(6, "44\n", 3 <unfinished ...>
1675  write(1, "44\n\37\33\36\30\33\31\fITEXsK^CY\\\4\34\5\f\f\f\f\f\f\f\f\f"..., 47 <unfinished ...>
1674  <... write resumed>)              = 3
1675  <... write resumed>)              = 47
1674  write(6, "372474 exit_group(0)            "..., 44 <unfinished ...>
1675  read(0,  <unfinished ...>
1674  <... write resumed>)              = 44
1675  <... read resumed>"44\n372474 exit_group(0)         "..., 4096) = 47
1674  write(6, "29\n", 3 <unfinished ...>
1675  write(1, "44\n\37\33\36\30\33\30\fITEXsK^CY\\\4\34\5\f\f\f\f\f\f\f\f\f"..., 47 <unfinished ...>
1674  <... write resumed>)              = 3
1675  <... write resumed>)              = 47
1674  write(6, "372475 +++ exited with 0 +++\n", 29 <unfinished ...>
1675  read(0,  <unfinished ...>
1674  <... write resumed>)              = 29
1675  <... read resumed>"29\n372475 +++ exited with 0 +++\n", 4096) = 32
1674  write(6, "29\n", 3 <unfinished ...>
1675  write(1, "29\n.*/)*(=666=xetixy=jtiu=-=666\27", 32 <unfinished ...>
1674  <... write resumed>)              = 3
1675  <... write resumed>)              = 32
1674  write(6, "372474 +++ exited with 0 +++\n", 29 <unfinished ...>
1675  read(0,  <unfinished ...>
1674  <... write resumed>)              = 29
1675  <... read resumed>"29\n372474 +++ exited with 0 +++\n", 4096) = 32
1674  read(3,  <unfinished ...>
1675  write(1, "29\n.*/)*)=666=xetixy=jtiu=-=666\27", 32 <unfinished ...>
1674  <... read resumed>"", 1000)       = 0
1675  <... write resumed>)              = 32
1674  close(6 <unfinished ...>
1675  read(0,  <unfinished ...>
1674  <... close resumed>)              = 0
1675  <... read resumed>"", 4096)       = 0
1674  close(3 <unfinished ...>
1675  exit_group(0 <unfinished ...>
1674  <... close resumed>)              = 0
1675  <... exit_group resumed>)         = ?
1674  read(7, "101\nVRWQRQE\0\35\0\6\23\0MGKJ\0\v\6\1\27\23GIE>G"..., 1000) = 1000
1675  +++ exited with 0 +++
1674  --- SIGCHLD {si_signo=SIGCHLD, si_code=CLD_EXITED, si_pid=1675, si_uid=1000, si_status=0, si_utime=0, si_stime=0} ---
1674  write(4, "101\nVRWQRQE\0\35\0\6\23\0MGKJ\0\v\6\1\27\23GIE>G"..., 1000) = 1000
1674  read(7, "\31\35\30\36\35\36\nZXOKN\34\36\2\31\6\n\10v\36v\32v\32v\32v\30\36v\32"..., 1000) = 1000
1674  write(4, "\31\35\30\36\35\36\nZXOKN\34\36\2\31\6\n\10v\36v\32v\32v\32v\30\36v\32"..., 1000) = 1000
1674  read(7, "\0001=,#:5$98\0001=,#892%+.5(9P\\OP\\L\4M"..., 1000) = 1000
1674  write(4, "\0001=,#:5$98\0001=,#892%+.5(9P\\OP\\L\4M"..., 1000) = 1000
1674  read(7, "O@C_I\4\24\5\f\f\f\f\f\f\f\f\f\f\f\f\f\f\f\f\f\f\f\f\f\f\f\f"..., 1000) = 1000
1674  write(4, "O@C_I\4\24\5\f\f\f\f\f\f\f\f\f\f\f\f\f\f\f\f\f\f\f\f\f\f\f\f"..., 1000) = 1000
1674  read(7, "!'1:r4;>7r= r6; 71&= +{X68\nwsvps"..., 1000) = 1000
1674  write(4, "!'1:r4;>7r= r6; 71&= +{X68\nwsvps"..., 1000) = 1000
1674  read(7, "U9U9U9U9U9U9U%9U9U9U9U9U9U9U%9U9"..., 1000) = 1000
1674  write(4, "U9U9U9U9U9U9U%9U9U9U9U9U9U9U%9U9"..., 1000) = 1000
1674  read(7, "\7\0\5\16\2\32\26fdybidswr\37\26\v\26\6<53\n\6\2\7\1\2\0\25"..., 1000) = 1000
1674  write(4, "\7\0\5\16\2\32\26fdybidswr\37\26\v\26\6<53\n\6\2\7\1\2\0\25"..., 1000) = 1000
1674  read(7, "\v\5\t\30\t\25\\GO@G@ZALM\t\7\7\7\27#33\n\22\26\23\25\26\24\1"..., 1000) = 1000
1674  write(4, "\v\5\t\30\t\25\\GO@G@ZALM\t\7\7\7\27#33\n\22\26\23\25\26\24\1"..., 1000) = 1000
1674  read(7, "qx\34.7<1 +\"&h7<1 +\"&|1\34spbl`rq`|5"..., 1000) = 1000
1674  write(4, "qx\34.7<1 +\"&h7<1 +\"&|1\34spbl`rq`|5"..., 1000) = 1000
1674  read(7, "M\t\7\7\7\27#33\n\22\26\23\25\26\24\1SD@E\t\21\r\1\1\35TOGHO"..., 1000) = 1000
1674  write(4, "M\t\7\7\7\27#33\n\22\26\23\25\26\24\1SD@E\t\21\r\1\1\35TOGHO"..., 1000) = 1000
1674  read(7, " +\"&|1\34spbl`rq`|5.&).)3(%$`nnn~J"..., 1000) = 1000
1674  write(4, " +\"&|1\34spbl`rq`|5.&).)3(%$`nnn~J"..., 1000) = 1000
1674  read(7, "\24\1SD@E\t\21\r\1\1\35TOGHOHRIDE\1\17\17\17\37+44\n\37"..., 1000) = 1000
1674  write(4, "\24\1SD@E\t\21\r\1\1\35TOGHOHRIDE\1\17\17\17\37+44\n\37"..., 1000) = 1000
1674  read(7, "\36\20\34\r\5\25\34\1\34\r\005645\n\36\32\37\31\32\30\r\21\3\3\3\rZ_DYH"..., 1000) = 1000
1674  write(4, "\36\20\34\r\5\25\34\1\34\r\005645\n\36\32\37\31\32\30\r\21\3\3\3\rZ_DYH"..., 1000) = 1000
1674  read(7, "IH\22\16\33pB\16\0\f\30\34\25\32\5\f\f\f\21\f\36&47\n\34\30\35\33\30\33\17"..., 1000) = 1000
1674  write(4, "IH\22\16\33pB\16\0\f\30\34\25\32\5\f\f\f\21\f\36&47\n\34\30\35\33\30\33\17"..., 1000) = 1000
1674  read(7, "HI\23\4\r\r\r\r\r\r\r\r\r\r\r\r\r\20\r\36\36'76\n\177{~x{xl"..., 1000) = 553
1674  write(4, "HI\23\4\r\r\r\r\r\r\r\r\r\r\r\r\r\20\r\36\36'76\n\177{~x{xl"..., 553) = 553
1674  read(7, "", 1000)                 = 0
1674  close(4)                          = 0
1674  close(7)                          = 0
1674  exit_group(0)                     = ?
1674  +++ exited with 0 +++
